Cycle_Index,Discharge_Time(s),Decrement_3.6-3.4V(s),Max_Voltage_Discharge(V),Min_Voltage_Charger(V),RUL
1,4038.502402100832,221.15812631790385,4.202871488383948,3.0016093769860164,799
2,4004.394290694006,220.9305885318829,4.2014654566841365,3.001730400434169,798
3,3965.779117442132,219.27872698567927,4.200419016114047,3.002658614585418,797
4,3991.6689037129736,212.91543693364008,4.19951546822842,3.0012786183974867,796
5,4042.003797099871,223.6040877593173,4.1949196651710965,2.9996753489718673,795
6,4025.430342565379,222.81755335167298,4.198325987404106,3.0008750016935997,794
7,4009.762904343731,215.57215735704392,4.197252651915293,3.0027857069315633,793
8,4003.8706106036716,222.33743603602682,4.197212849456783,3.0060369287567634,792
9,3998.483502718196,220.52453843150388,4.196485218973626,3.0017319607536073,791
10,4009.762645035296,212.09693927319447,4.1959055251756965,3.0046095748870547,790
11,3958.801136428343,214.08035542714322,4.1999017329391,3.0026438870986465,789
12,3929.34741802675,223.89140722444787,4.193847628660096,3.0038209375117724,788
13,3969.570105022112,219.59708092571026,4.195372674761659,3.006930793498527,787
14,3940.4725523966695,215.07848527094689,4.192058020379473,3.005728585162841,786
15,3930.8493773386845,213.4576205441368,4.194081283167775,3.0020174014545185,785
16,3938.391642702362,215.02303100942288,4.193878639780465,3.0036550499523766,784
17,4032.059417736011,215.22760235061148,4.192228852154271,3.007612442688883,783
18,3959.0837390222755,213.07018483685374,4.194338493884753,3.005683756085257,782
19,3963.35723509083,208.4411794380835,4.188731447927279,3.0034023197607684,781
20,3913.3291157898725,222.70006643200392,4.189025558116664,3.0043620951100523,780
21,3892.187411236221,221.70316836305722,4.189924760172047,3.0077069870454225,779
22,3920.4284207064356,210.3337227409657,4.190761613706968,3.0085888205624354,778
23,3985.6458675562626,217.23155647781834,4.188858859042591,3.0069357106029644,777
24,3950.028263982296,211.88880898642617,4.190571518073022,3.0121506276018724,776
25,3955.457852743332,214.94216388386732,4.186176620258068,3.009148304726911,775
26,3957.156981176062,214.3761671006317,4.184718843021023,3.007313037860734,774
27,3914.7595186060516,213.81082892141063,4.1871162566730735,3.0064685879038016,773
28,3971.638967519201,225.81473542038145,4.1858456394477725,3.0064502313907218,772
29,3908.5157720233346,213.44837157661905,4.1865857274407166,3.009370842640961,771
30,3967.1869707778765,211.4586808746654,4.184945195418267,3.008022445910173,770
31,3935.76906468406,211.53709285251475,4.183819960418753,3.0126474875079667,769
32,3866.3286453726105,220.41888478200877,4.183850124856552,3.0125326236058356,768
33,3895.059715401984,206.78948834153533,4.1835576977895865,3.0111661330949944,767
34,3861.4518440138368,211.0868854178224,4.182390037400303,3.0078420076540864,766
35,3947.3984639838263,221.98411420055766,4.182093735907353,3.0091555622548953,765
36,3909.257937375928,215.81993093998824,4.181192813326026,3.0133113550514823,764
37,3840.6497268015064,215.40961002518054,4.183213330239739,3.0099738676004097,763
38,3916.2724064515896,224.96073230071852,4.1813880420090115,3.013644283467839,762
39,3886.38507212835,215.3817397647425,4.1850135049443375,3.0126492078460694,761
40,3855.4858243490003,210.45906919320208,4.180321409102557,3.0121034357696264,760
41,3947.838975109061,212.43961471561826,4.178398285059343,3.0108943343741292,759
42,3898.218575982897,208.02283845484715,4.184341350749726,3.0124115123129505,758
43,3883.6970579306007,219.8296852000785,4.179327252755429,3.01327929590975,757
44,3878.0172565704197,216.27280858768358,4.179980249573785,3.015265077796602,756
45,3842.1016159252667,218.87207074985446,4.178684205966405,3.0117285287987325,755
46,3845.8635330124766,219.16491964274684,4.178246022058596,3.0132743663149477,754
47,3921.0475035462523,210.87894609536232,4.177571308102705,3.0141896462638647,753
48,3865.7835139064287,208.07623573995556,4.173795830870448,3.0157253567153726,752
49,3878.162031028106,212.3914344434598,4.1762350580951235,3.0128830713249544,751
50,3813.6700857139676,208.1361946460573,4.172350277392299,3.0123668604142257,750
51,3832.957238926135,213.1747843770451,4.174151274327175,3.01664793030342,749
52,3888.2943755962424,217.86048440417343,4.172548765086874,3.012564101770107,748
53,3878.831352803415,211.20930176975418,4.174214940371697,3.0184699594295243,747
54,3917.6012559617293,212.64997544953872,4.173668252494677,3.0158881478050343,746
55,3902.7886899489367,211.28077191888318,4.17346229178153,3.0134049378354515,745
56,3853.0786708254554,215.61363786218848,4.172574593145499,3.015839159561193,744
57,3871.688606941398,208.11108802855853,4.170286349316427,3.0178582472661386,743
58,3845.5018967129076,200.31776869178452,4.170477993021297,3.01633459782489,742
59,3914.1442945591593,213.50434429687692,4.172340792322509,3.017740059497649,741
60,3884.470440881572,215.93917210653996,4.172135713354589,3.0194801567314102,740
61,3852.5905527257323,213.08187122379266,4.167206433802747,3.0178956193292246,739
62,3851.0118435462905,207.49884752265993,4.165938144734975,3.0167258846470677,738
63,3885.845508617794,204.87493950906966,4.167046221233591,3.018302032005256,737
64,3857.3873354134153,212.8724876589016,4.170090415164065,3.0220296802729187,736
65,3884.258840512103,210.95739476467338,4.169929768060366,3.0228701286906663,735
66,3769.190562212234,209.47103686170834,4.165150576239197,3.0157601476521156,734
67,3846.336847844964,219.06231671496894,4.167114618707473,3.022282055818383,733
68,3814.5369540595584,205.06599952909335,4.16966886266628,3.0209002954320705,732
69,3880.1913396288396,218.52518510563732,4.16633062295448,3.0225479653582403,731
70,3871.391960615695,209.6589195243532,4.167843006570466,3.0198990234794647,730
71,3823.485074273039,200.17214761564563,4.166497453140167,3.017763472980997,729
72,3866.068929364331,208.30398672840428,4.162179602587544,3.022768977577295,728
73,3870.9934355997752,213.84748038299722,4.163120037153006,3.0200180454774346,727
74,3817.2322001577845,207.07472483597516,4.163069508956584,3.0194234151370303,726
75,3886.6580131729556,201.37610729380802,4.162708266776043,3.019863197235053,725
76,3809.059765419908,207.77742734101915,4.163832657906877,3.0240018275648306,724
77,3801.064371489923,204.16413813054146,4.162317369524551,3.0233789049320583,723
78,3830.97617765753,210.75907200543983,4.155127598112444,3.0249649320437495,722
79,3791.8862780657305,212.01699908033805,4.157874319453814,3.0250381505089927,721
80,3802.560193273847,202.71864796125948,4.155625238170048,3.0231581328708326,720
81,3839.7830327215274,204.32097972442173,4.1598507304813115,3.0241590528522453,719
82,3795.576565566518,211.48321232553468,4.159480975298935,3.023577124942435,718
83,3741.6494662107407,203.2557786085052,4.159066449917222,3.024479344454269,717
84,3801.019581635476,201.98920932086003,4.156082143464571,3.0232654905240377,716
85,3766.611192628428,201.35654434101872,4.1588482880102395,3.0262809685877485,715
86,3810.9581347188364,208.8601930647906,4.1584325249929375,3.0279502414979635,714
87,3803.3856914747876,208.4957885975873,4.15398970186559,3.024466773940358,713
88,3824.142010444996,203.37976984810481,4.153067923597103,3.028962539290803,712
89,3804.725969023781,206.67542698064116,4.155499736627546,3.026927042992956,711
90,3807.7073285097417,214.13566192077565,4.158583564547227,3.0274821579528117,710
91,3752.4270971958686,201.47969921540889,4.157899485484398,3.0239011409607848,709
92,3794.119594876715,196.44128695494774,4.155126808720896,3.0239854753808686,708
93,3826.5535386808087,208.32537787860187,4.15204000665684,3.0281882327255594,707
94,3744.340502740897,205.34799418049207,4.154773685318978,3.029779464249264,706
95,3816.492148751813,202.1998745659245,4.1515951514703815,3.0271572391127104,705
96,3743.51949726396,208.86040118677454,4.150464985926653,3.0321401878011662,704
97,3731.9408626485006,209.64612572334394,4.147212066336756,3.030569871948509,703
98,3763.886013300645,194.25860990059954,4.151204764396695,3.027583317496584,702
99,3773.9773124838644,201.88701045334255,4.149240265301725,3.029761697334107,701
100,3777.352503719168,216.58758115598428,4.1501928607590575,3.0349538582674467,700
101,3718.647127376804,207.76702457899094,4.144901284607526,3.0278148719944005,699
102,3758.0362029176285,208.08051819148574,4.149339653345168,3.0316565398778303,698
103,3721.933362855495,210.4144713931574,4.143637757672057,3.030254510894553,697
104,3695.332332317883,204.48534412599864,4.150175880506538,3.032613792581837,696
105,3709.6379105340166,208.2334208004581,4.14854378246827,3.0340345472926367,695
106,3712.4729890213252,207.69031021918602,4.146442670457151,3.0310275258225774,694
107,3748.147854810575,206.64520748376378,4.147625439720165,3.0343378245434143,693
108,3764.56640989206,202.189940146913,4.144043851474673,3.036842406788544,692
109,3683.303801103742,204.5102946118313,4.14564475103123,3.032832549474689,691
110,3735.5588322262415,200.5581921784661,4.146589548076921,3.0345697773749882,690
111,3687.199054426873,203.41407152283247,4.138311421501817,3.0321191184595935,689
112,3738.87256227042,197.35754553950366,4.143105551280645,3.033638518618062,688
113,3698.8180825698873,199.09688004363525,4.143454711739728,3.0335466498145838,687
114,3683.4601294593017,201.48843979037537,4.142607412764508,3.035793871851317,686
115,3736.489935460427,198.0314728428496,4.145414203652455,3.036909351871514,685
116,3692.392321836647,200.07491364627413,4.139752197750155,3.034580690301765,684
117,3698.021081459419,201.63037011622242,4.140257681513109,3.038167245691466,683
118,3638.4003273733088,204.3113117233219,4.137168261947383,3.0384600948831233,682
119,3730.8965408427043,206.89628650926454,4.143520573302546,3.0373937074863595,681
120,3724.627255635073,199.68107814310946,4.139507419714783,3.0349679469365567,680
121,3697.6637353284395,208.52552308634313,4.1386231822239266,3.03507634236652,679
122,3649.172571759327,206.39305539312747,4.138895034635379,3.03497523729062,678
123,3728.781075350043,204.07046915971972,4.139772471656861,3.0387983321404763,677
124,3670.0120984091764,202.1682456464831,4.138694726807032,3.034776463585021,676
125,3673.8993964969823,202.8456042093427,4.142795768427114,3.0388536753082223,675
126,3754.361321690786,207.0352557533319,4.137907871776808,3.035637781304352,674
127,3661.3909066767233,207.06789829879636,4.1355695091416615,3.039747092239684,673
128,3702.2662988727952,207.47473364191822,4.134877286524953,3.0384344391654614,672
129,3694.3627678624784,200.856634159385,4.134714482095167,3.0413672771237197,671
130,3686.7051657864026,203.27483582499306,4.13199632615074,3.0412829091566427,670
131,3680.9600162766355,207.06773253311025,4.134579728414983,3.042170130824004,669
132,3681.291656856676,197.08141982541804,4.1355669362124186,3.0425216374365784,668
133,3675.658217728216,198.4579157314085,4.132273272798753,3.040187261667976,667
134,3663.442449236718,199.9801833150674,4.131385239887432,3.037882413867151,666
135,3707.8384937233222,204.24799368989704,4.135531890292588,3.0383949538900055,665
136,3620.620183176022,204.1758607535931,4.129147033686758,3.036626302941368,664
137,3688.1437431204613,198.29567944401032,4.127364363247045,3.038932668333144,663
138,3679.6702689606263,191.75695272810145,4.128694196112705,3.041537647315409,662
139,3673.451973639882,200.38091972147984,4.127419134565752,3.0405806916383495,661
140,3683.509382829204,194.408419313358,4.130772452128209,3.0416397287911803,660
141,3644.7220181419484,191.40031897679887,4.128778590999101,3.043285430838923,659
142,3588.930777725194,192.3806421963314,4.1285606259099525,3.041991869483869,658
143,3640.3312202085654,200.18190503922781,4.130805868353949,3.0406563423991746,657
144,3610.2641734712633,205.20518680466404,4.126617330277675,3.0430935326648734,656
145,3615.544223704258,198.44447258118123,4.1290501788234915,3.0417030190264542,655
146,3597.7274097850277,199.15690327322983,4.130022645598406,3.043258427006042,654
147,3618.179654246685,203.86447469438963,4.125588675003972,3.0467855539288458,653
148,3612.1012891804967,190.07772545458224,4.1274740457111125,3.0438589893918078,652
149,3556.172905102187,200.25088210800135,4.125016364174942,3.0482419151066957,651
150,3646.006657338469,197.44205107840588,4.126848196257682,3.047863271973876,650
151,3689.1096557401465,200.18028729416034,4.121357021624847,3.044141389382842,649
152,3638.1871158048884,194.7825804579809,4.12070897550975,3.043377752467168,648
153,3611.412281303973,192.9603135478676,4.122717464570185,3.0457948916761595,647
154,3613.3576081297138,197.60254452142803,4.121222150381881,3.0485066555267935,646
155,3599.8704239596045,204.99595661667232,4.1214665817811404,3.0455196181875426,645
156,3612.7012475160086,200.9045505227073,4.121560946835106,3.0486161805965244,644
157,3606.389757177803,193.91153614909953,4.122940027063673,3.049516879978272,643
158,3579.768547088051,189.5951398200936,4.120184678842868,3.045851948699275,642
159,3652.986651668435,187.73966358151108,4.118852277378753,3.0463478978234226,641
160,3555.385372928707,202.5804972592524,4.119296973246482,3.049425324064254,640
161,3619.0499462958273,191.07458855932086,4.1179617094403875,3.048603695099283,639
162,3591.964071180474,194.07243293502532,4.117131988995874,3.0472278769469128,638
163,3649.5249544519725,202.1560556303879,4.115273966372846,3.048195639103761,637
164,3600.225937977447,187.33049272260504,4.118138956232443,3.049058960894545,636
165,3576.7028338845025,202.7113225473753,4.1163625885868065,3.0463702911500894,635
166,3577.568784046965,193.8317977305375,4.11893255747847,3.051331286212965,634
167,3583.697200835593,189.2070834238063,4.1136052078158825,3.0491426156221215,633
168,3545.7162791501078,193.56324536425544,4.1149158328899045,3.0448325675524037,632
169,3554.4939142464627,191.03701609299262,4.119125814441317,3.0506522580633813,631
170,3521.451680924244,196.70409899452858,4.113120780965804,3.0495168574822134,630
171,3544.810693048777,191.10933783056112,4.114026933495809,3.054677644384605,629
172,3572.8171944498135,184.64178894540478,4.11156831203435,3.05042910995816,628
173,3576.5052514785357,192.94718732795508,4.110803144974438,3.0497047132728428,627
174,3505.620109150108,187.11727473856732,4.116094621966176,3.053215865339924,626
175,3558.383648908674,194.7715994199416,4.112842078985274,3.051179105263985,625
176,3576.902298524664,187.66434833858338,4.112267357676475,3.0512410875974956,624
177,3552.612634198713,191.00993598413956,4.108107367529768,3.054119002765649,623
178,3535.986340626666,194.2129390210717,4.111717482776216,3.0513190653842206,622
179,3540.1351656485535,192.08770637482866,4.112814843891988,3.050785452683601,621
180,3533.7770993506833,194.25215141500522,4.112298954121657,3.0574519960041884,620
181,3528.3980832267584,196.25143582858877,4.110836666459213,3.0554589974752013,619
182,3550.2147057573457,186.91033150134345,4.106741028844809,3.0540715814300117,618
183,3611.7306468320635,192.22801229687647,4.1091262468343865,3.054893045580596,617
184,3517.6890024928443,175.75248101245936,4.1093351699209535,3.0562117287162325,616
185,3527.9557210201574,193.4866665084126,4.103911112829822,3.057446674899227,615
186,3533.449061818743,190.5959293481258,4.104757440817036,3.05428804941737,614
187,3511.8793669692514,187.03275118261013,4.108276314643487,3.056832293051931,613
188,3562.947074105703,193.37859711148263,4.107752091553344,3.0553865916475793,612
189,3456.373438800807,197.51348788592534,4.102402833932757,3.056322037510975,611
190,3509.0682248886396,189.11991126200527,4.106590042918539,3.0573213857349297,610
191,3547.0494120895987,186.6259275487914,4.104690606798307,3.057286642853895,609
192,3511.177170748341,192.02512631219355,4.1055620179092145,3.0590711337966052,608
193,3492.8748312344915,184.3719666667682,4.102230957353132,3.058874173118231,607
194,3528.222702633163,187.59809314732232,4.104290366992961,3.0551836615812555,606
195,3539.6902970619144,196.8620108082525,4.104187657548971,3.055784353585869,605
196,3516.319063356452,190.91089614906144,4.101297330129089,3.0580605666304814,604
197,3483.4633892056136,181.05266518026914,4.101535505092347,3.0627572505248835,603
198,3518.6860995745524,181.315041763603,4.099702956740991,3.057696816334997,602
199,3490.4385209917564,190.96042846323388,4.103803277897372,3.0592835545807744,601
200,3522.3556064568147,194.31195287958843,4.099759456121349,3.058927307946087,600
201,3541.9977665456977,181.76189270686925,4.097655951349646,3.0591919112318235,599
202,3416.8326973293442,191.94856303748253,4.097568348172251,3.06095647948781,598
203,3495.832024195869,196.20171753744862,4.098753541202285,3.0637015545523916,597
204,3437.927981891571,198.8392949397932,4.099506662343556,3.062111936799761,596
205,3560.7536575598933,190.9061137992994,4.094828346309699,3.059892938077146,595
206,3470.956263986114,191.63401297276238,4.100695320005885,3.0673064590216064,594
207,3504.891197254761,178.28407786185926,4.097117350588111,3.0622571464419224,593
208,3478.940494212153,199.29876273997996,4.096932911945939,3.0612455580872355,592
209,3453.4074625784283,185.7725489345194,4.095305620912353,3.065524192749355,591
210,3447.3384085846774,183.8326442078748,4.095038517934702,3.0620618587641126,590
211,3520.0703751930228,187.07396932780188,4.094203433724145,3.066625827309975,589
212,3498.6781418053492,195.75836707092714,4.096035591938072,3.061858714418067,588
213,3525.807522621327,199.09023023771775,4.093484142825094,3.0667600607778427,587
214,3466.663600054731,188.52704339737923,4.094534100436985,3.0646020953285635,586
215,3471.13758863738,192.74042086301827,4.091632304953295,3.067082104465405,585
216,3451.9842530303413,187.81602024342752,4.092391281056625,3.068603531417403,584
217,3448.88753390655,182.26102263490907,4.089892159311521,3.0628347854189575,583
218,3423.743392025679,194.68371835394146,4.093433056465099,3.0679515436415166,582
219,3455.0203057277304,184.03936259821805,4.088832505518562,3.0628821921911493,581
220,3426.322602153414,194.6776538668594,4.089350041111477,3.0639056312895034,580
221,3460.757267664926,193.34270664884542,4.0888700791750905,3.064693181080415,579
222,3450.1003065694063,189.77018131978602,4.088292097224653,3.067607273272356,578
223,3451.1304613102716,195.69487378127178,4.089944991538886,3.0669660317538696,577
224,3490.253898190707,197.5617301659287,4.087366684470527,3.0668657278316744,576
225,3436.3684615070324,185.37378318517844,4.090287849061083,3.067792470558045,575
226,3457.701810085603,182.05602940791783,4.085363049827739,3.068982579178587,574
227,3494.0452839225673,176.62865081371763,4.086838754939885,3.0694364962478824,573
228,3469.1985120788513,197.0234112771513,4.084448428021375,3.07058833367123,572
229,3462.0950909536455,183.45158995540777,4.086341945565064,3.072340069625535,571
230,3415.799353534385,191.1751842855087,4.084968100546046,3.068957275255117,570
231,3429.389291667034,181.64372316245257,4.084189875910603,3.068257822075738,569
232,3380.4517112391018,192.89132820456015,4.086376949933007,3.0708270722583704,568
233,3432.4674320289323,181.54941204092293,4.08219131625789,3.067611490367471,567
234,3423.233805328415,178.9414043319133,4.084173030315236,3.0688425917357764,566
235,3413.2015537546854,183.70746784523124,4.0809620801746505,3.0724987618927857,565
236,3440.815843647286,181.9411214951918,4.08222537040032,3.070551743250365,564
237,3371.266755327268,187.43149892730605,4.0791088493435534,3.068683615083284,563
238,3454.0458855348106,184.0430253640374,4.079674965707387,3.06842039386927,562
239,3429.5529406382084,187.2885119727596,4.080335713908854,3.0717974333587876,561
240,3397.880980610441,182.54489263457353,4.083629298334646,3.074283793073936,560
241,3393.0381123654784,180.52446314490598,4.07970160774092,3.074557091555062,559
242,3409.418336457458,180.7821972605196,4.0823093366317345,3.0728217610057857,558
243,3438.1255369619134,193.77469399015513,4.078940646583382,3.0769178188381923,557
244,3393.0482315607005,184.52585466113467,4.077225831511051,3.072990359268119,556
245,3391.8209270593766,173.33118895273478,4.080578713045202,3.0732228647532054,555
246,3385.5435543287763,180.4989549327296,4.077874035244147,3.068665128180522,554
247,3435.9607233810443,183.43433016237935,4.075214556812234,3.0732052741016775,553
248,3368.9335069118893,192.0269984062519,4.076941142918801,3.076104030069817,552
249,3376.614772041428,187.7934935794495,4.074914810500185,3.0778279226737193,551
250,3418.9030696278296,177.8914108175904,4.071021931607658,3.0733395307326656,550
251,3376.910325008386,194.44177876786225,4.076371946318532,3.076224504658586,549
252,3404.111765801366,182.0441981759926,4.076189868111284,3.0776937580646466,548
253,3340.161598292911,188.28164905537474,4.077175884059985,3.075922416306392,547
254,3358.841224351145,176.12495751300048,4.073844287384391,3.0716334390849456,546
255,3407.033021153207,169.75918452374552,4.072002553151835,3.0769945799991483,545
256,3339.7098085270936,174.5578425481582,4.073669978854757,3.0783228612481217,544
257,3352.961028806909,165.19833261902147,4.073199640730638,3.0752051542099634,543
258,3362.7005569267444,191.86044663626456,4.074276562366273,3.0768916909382513,542
259,3322.8253644602105,182.22266459443208,4.070410744753867,3.0753890079157427,541
260,3337.585696441343,176.37677990775984,4.069668842054865,3.072859704902839,540
261,3350.8791004547693,183.1131201499006,4.068068911160483,3.0803540088235755,539
262,3346.4004520248586,181.64667018090083,4.070074924173451,3.078592502932396,538
263,3380.910560625114,183.65466697806997,4.065403476663539,3.08209534999341,537
264,3386.2437158449675,186.44765700568135,4.069552174745725,3.0809146443838125,536
265,3311.8174538399726,178.80039423487491,4.0686756702437314,3.078791580476669,535
266,3338.3380555750246,175.70080346949507,4.068170140404917,3.079633638679791,534
267,3352.727449252743,184.08887607185957,4.066776450473004,3.08123235478154,533
268,3375.490423973976,183.81166388942233,4.069065956495062,3.0823337668335116,532
269,3349.054708919514,180.15367904060673,4.067243986930854,3.081345341261484,531
270,3333.72740204777,190.38777094340386,4.063785845617249,3.083211186290579,530
271,3342.496275959479,177.16088938569175,4.063321641900605,3.080706662526651,529
272,3340.213065030088,174.70071014182363,4.062240652373171,3.0796057129064285,528
273,3289.668571231469,181.14045713753302,4.064602566665552,3.081770381492878,527
274,3320.783963775188,175.5253107154325,4.060999722157521,3.0826103697814724,526
275,3356.2748298256606,181.2275826207245,4.064666784287167,3.0800969292105216,525
276,3303.77929693918,174.4349587208028,4.064645946616691,3.080126555831707,524
277,3311.3833992764235,176.44878858534057,4.0597419674621,3.0839947725929466,523
278,3297.7245065142192,187.75420210019584,4.060628902930814,3.0825872862972594,522
279,3233.084215131794,176.1220632162616,4.060533241962725,3.083368318188676,521
280,3300.6177053170404,174.0057422799135,4.061767966320939,3.0832806146685985,520
281,3306.553757919586,183.7033939435325,4.06271868675122,3.0873412018035262,519
282,3279.625198273573,172.44479024856653,4.055629015214263,3.08712352232079,518
283,3257.860891533458,174.08528384926467,4.057863638564947,3.082425292619922,517
284,3263.5818062065505,180.28280560254498,4.057467966608879,3.084134413573839,516
285,3310.425628484067,181.94205711936647,4.054698660290227,3.0872000085359392,515
286,3344.175743191407,183.20238195540537,4.056029779961392,3.0870038724742064,514
287,3323.973000227163,173.21389083889756,4.057355537888701,3.0860170840753405,513
288,3239.6696198550835,179.7800433649306,4.055442642194321,3.084124799590071,512
289,3303.138819316521,174.3194590022791,4.052410757662786,3.0853349199076927,511
290,3255.1051287257214,173.47172183244683,4.060748165396021,3.0859664648649074,510
291,3255.0319881247365,182.36606391146142,4.055032355730408,3.0878539886622383,509
292,3256.1407320608614,173.45222802070205,4.054223388260214,3.0910074543093944,508
293,3288.682008495663,177.44102298010492,4.051304147273867,3.0865262395304236,507
294,3293.777601293471,176.6778973461532,4.053521412323943,3.0861479295048895,506
295,3259.5590678616063,170.39622811830748,4.052171572431917,3.088282827046344,505
296,3257.5678777697594,180.4304642767816,4.0482229531745695,3.0908634779610282,504
297,3271.427912297074,178.25140446839475,4.049359489119971,3.086206234066479,503
298,3272.0398361857274,165.36854694064792,4.052589852035348,3.0923072683017496,502
299,3287.786771202756,176.53710555618673,4.0543880353000015,3.089355937275769,501
300,3211.468840734724,171.1351328291669,4.050734330810086,3.088531359995373,500
301,3248.100820194121,180.33537653206312,4.0517061665565866,3.087099621426476,499
302,3212.959268723265,167.4730008160962,4.048688489382834,3.092013041546841,498
303,3240.971731628098,172.7676151568523,4.048326907678638,3.090557657609517,497
304,3233.214741369577,176.21012275494235,4.050181958055239,3.091541410965509,496
305,3236.097516382919,174.5217014707094,4.050825554578359,3.089698376517977,495
306,3211.0077133566842,177.91479128356985,4.0496021933869315,3.091161807931498,494
307,3187.881306203777,166.35789006995356,4.044367273849231,3.0911268375072902,493
308,3167.1668741985527,182.0595716843369,4.04586608221937,3.0921988137892438,492
309,3223.564595372055,176.27572329394135,4.046055049368953,3.0913608953472482,491
310,3212.0699668250118,180.29859106500447,4.044480644072985,3.0899316380786255,490
311,3202.221870055885,177.7212008461662,4.045275715086832,3.0987569994905932,489
312,3259.6764538849498,173.14194942772477,4.045641153623339,3.0908731915053247,488
313,3191.7168543961407,166.6290089454442,4.04550561950391,3.094262918013885,487
314,3257.505022464164,170.0822340937565,4.046371740304443,3.0906559443431516,486
315,3261.2153123280777,180.69781666431288,4.04184111779055,3.090505905126764,485
316,3151.4729859963186,179.52718890828191,4.039271933670321,3.094995652983705,484
317,3210.271443769969,169.35200009948153,4.042216469188029,3.0954487351755366,483
318,3193.0091052749203,158.2084785689891,4.04476762206237,3.097922997981605,482
319,3115.145881658482,171.0865513284744,4.039546048280092,3.096499093682031,481
320,3156.6607624079475,170.56148555935442,4.041373693954127,3.0957003785625083,480
321,3220.748083213254,170.60113693979807,4.040891491584945,3.09440079951187,479
322,3255.575977581338,174.342696009157,4.03938288409469,3.099598024136467,478
323,3219.5803442809774,175.93106289660832,4.038513849442087,3.0987577024921,477
324,3199.7089741753894,176.35149773549762,4.036153141588557,3.094707341044503,476
325,3186.8600285510674,173.47854570067685,4.03293667585516,3.0975759274564214,475
326,3235.4798874394432,162.09614649038681,4.034776298586672,3.098088104463053,474
327,3246.9471760587294,169.2440013365335,4.035719391701777,3.0974086926867885,473
328,3162.3947196142744,182.32044891774595,4.0381948453748455,3.0999437009716133,472
329,3117.5004031906915,172.5210836740124,4.035293743875297,3.1003634662766966,471
330,3112.054376101864,172.33909784221933,4.033961948562164,3.09861902860439,470
331,3212.156429764794,172.14742969886927,4.032718029116094,3.0987382615084047,469
332,3168.588243776768,172.27689811252995,4.035313611657019,3.102597916925335,468
333,3172.9972573137616,158.13443909457038,4.036216714332861,3.1017656777847242,467
334,3111.2804702112985,168.70237841544466,4.035126871443735,3.100344720779817,466
335,3139.904332616346,169.56053584102656,4.033712299399516,3.0972415819218395,465
336,3151.1355755829763,176.00747699626706,4.029048774507234,3.10148800021261,464
337,3163.7351515009223,169.68836447311148,4.030796651514312,3.1024961669298357,463
338,3143.0422388325874,161.0674430669903,4.03489460845778,3.095890956743203,462
339,3121.3802140509597,171.30044578085878,4.032743900983831,3.102203738896636,461
340,3126.4629902219244,164.98087675878628,4.026924993563531,3.101166616026408,460
341,3183.749698578417,162.7660717945929,4.029388818953602,3.101858291439741,459
342,3152.343538588105,164.52920476641708,4.029726196865322,3.100785238094473,458
343,3160.8647042086664,171.26252114832258,4.026975683073948,3.1026036214191928,457
344,3113.03378567368,174.69380619880036,4.0233815919571825,3.105983983152363,456
345,3048.8852954379813,170.66464972588793,4.027697648090033,3.102607203002369,455
346,3119.306870793465,171.2601161180851,4.025424483484759,3.1057311471175866,454
347,3106.502883367235,170.31522636418998,4.024932316521831,3.102487337562241,453
348,3140.4703680588423,168.30663588430235,4.025290639280138,3.105917512385312,452
349,3226.0717114104555,171.1346531748138,4.02523264817069,3.1047033117112437,451
350,3145.8549805285475,155.4061226646529,4.024981834411809,3.1057040496575787,450
351,3204.5788047815045,167.90544175652417,4.022732020202156,3.105314306512195,449
352,3137.0630908601834,161.97537482688873,4.023559580940732,3.1068832504648825,448
353,3098.6034128728184,172.86451286272072,4.019985153259195,3.1007648297641324,447
354,3125.4374823436265,166.1642234739157,4.023622078130737,3.1033603493730846,446
355,3165.9191579843314,166.90474044133916,4.016787449173318,3.1073341609960172,445
356,3164.886877889637,159.07464062873098,4.021421019839133,3.1027129232922075,444
357,3090.239878958708,171.53415444506425,4.023338372307355,3.1060388392887055,443
358,3112.595510870979,169.43664060136905,4.01888131862545,3.1072913183179267,442
359,3059.6219936098655,168.9347394117025,4.021932860407315,3.106043719724774,441
360,3124.740058740743,161.9348857391559,4.0223114654242424,3.1066168771946128,440
361,3144.100640971677,161.98180077530935,4.012884200095005,3.108843164400307,439
362,3096.1939836234806,166.81799727222952,4.018697274192848,3.1106185899115597,438
363,3072.478478369196,162.07750794875975,4.012748453144744,3.1069831012374904,437
364,3100.803928538327,167.5744648133867,4.017763583108858,3.108049883607625,436
365,3100.023770940895,154.44543698616638,4.017485657578037,3.108037478053346,435
366,3087.4343149554884,162.66227721796704,4.012034912028179,3.1049572404962453,434
367,3087.8614537300787,173.93376732713244,4.020349676724161,3.110383423580635,433
368,3074.785554485919,166.99742913997883,4.0165720316152695,3.112269435491657,432
369,3107.3786478467923,165.48396832265496,4.013801953135836,3.112733286414632,431
370,3097.0868233549536,174.4261326783568,4.017930758854997,3.1092584672471184,430
371,3043.0069055856757,152.6702319059928,4.0109087735587154,3.1087966039029595,429
372,3039.6822819052422,160.12344442605945,4.0115416579329635,3.1116432110951835,428
373,3059.868767489203,162.04413414126307,4.008901088952661,3.113558547373133,427
374,3087.1051137231552,168.19175616502696,4.016602090393079,3.112509700896621,426
375,3066.9417224167246,168.12828181614117,4.0131646927429445,3.1130786092717475,425
376,3040.7054876963202,159.26996645508686,4.013318803579698,3.1150836618554725,424
377,3065.345557901775,168.43977161071274,4.012102002467837,3.111621726881539,423
378,3045.075684414332,161.28342616339148,4.012147535522289,3.112960059826654,422
379,3078.914593806724,169.20819812824584,4.010656155427792,3.1169692110235228,421
380,3059.9917530520115,157.8367865093897,4.010541842685415,3.1136063777538046,420
381,3038.041654376436,162.2334420046692,4.009715206872446,3.111765326068067,419
382,3051.9455631613937,160.24916342311718,4.007782816388862,3.1132612878074992,418
383,3081.9514417857263,167.83015185782858,4.00840675046957,3.1130236402975577,417
384,3022.911097703609,159.78609391716915,4.008547189146523,3.1159143251714028,416
385,3049.5797094494146,162.03775735494122,4.007721098239105,3.1137081059928224,415
386,3032.88618978602,164.63405698831525,4.004044455784494,3.116342068505723,414
387,3045.309510515863,164.67629241513058,4.003810026662783,3.1146278695629186,413
388,3010.3630517521283,166.23476303736587,4.008165682867833,3.1121532429232035,412
389,3030.810062994781,162.70562388422334,4.0048860119082335,3.1173132395739636,411
390,3058.234698472504,159.40875542360084,4.006169450694072,3.117296927363094,410
391,2994.389790562617,159.60150627320624,4.002315760180555,3.1183355156314176,409
392,2980.1178469002475,161.32836157603805,4.001053708246707,3.1162540255616693,408
393,2978.756333065391,162.29796238037193,4.001812806774937,3.1163409110492815,407
394,2979.8801240939943,160.16414176075781,4.002554869858457,3.119002933716963,406
395,3030.3596986367797,160.84601710482772,4.001169719401432,3.121538039145062,405
396,2967.824209424036,153.01373069713947,4.004587867046212,3.1188223360190124,404
397,2998.563139657694,163.7867764222734,4.001859046603075,3.1199491701920943,403
398,3023.5486790993214,161.20556144444717,4.004697877237124,3.1187568246311486,402
399,3014.9997718164577,165.15935206770544,4.001308816308144,3.1166127389562526,401
400,2988.4332306011256,160.0008025370354,3.9951748983641604,3.121934858838308,400
401,3003.227711952653,151.15801210739107,4.001612083212917,3.122116828478172,399
402,2998.214359892127,157.9077690534666,3.9959808967550603,3.1220215480503506,398
403,2985.7727713335544,158.55035038440792,3.9989610673344225,3.120536109123315,397
404,2983.6749584403624,163.114516527168,3.9964506318846724,3.122394112199477,396
405,3054.5628230427087,148.89863227743302,4.001785422068928,3.123287523594776,395
406,3009.279327117939,159.30589758474466,3.9998791958548607,3.1250403173699133,394
407,3056.919527525364,161.51837607896653,3.9950163587165965,3.124077052209295,393
408,2965.091106012385,155.4925605735924,3.995745284663758,3.122527642450067,392
409,2974.951002093356,159.02314004908425,3.995989196139299,3.1200834934891515,391
410,2935.0362270417004,155.36481745425078,3.996726828143123,3.1233113165953434,390
411,2948.212995937313,154.70213533389804,3.9945583038246504,3.1238131547916987,389
412,3027.057394459875,156.1579007493434,3.9919502102012383,3.1250180595506367,388
413,2951.8389713047472,154.49654003766497,3.9920648827216,3.126607783718647,387
414,3022.5784390043336,161.31809155968168,3.992991036407247,3.1240096989758865,386
415,2925.199132179603,154.0752406158231,3.9949689139575297,3.1287019743796263,385
416,2928.3959289778018,153.08544996476036,3.992855675721072,3.121281425959919,384
417,2947.2630633692975,166.28964333419765,3.9899531701467703,3.125938683744923,383
418,2953.0875023496246,162.1037000591202,3.9922967455554197,3.123802959215632,382
419,2980.192618773504,147.842433196704,3.989726030322244,3.1218855560006227,381
420,2963.523112515588,153.17615855073734,3.991780816010374,3.1255964512474015,380
421,2935.010542279679,158.06231485861355,3.9945540208366572,3.123385654603158,379
422,2941.0005258044566,158.31877533615744,3.9882823472581133,3.126277144203934,378
423,2932.928112406459,149.09753567131554,3.990103210319453,3.126969538496189,377
424,2912.560387940228,162.19282746411162,3.9865092133359243,3.129437082818672,376
425,2910.8611119019515,160.37612209590813,3.9872754724656176,3.124484829730472,375
426,2965.8365167430024,158.50950816020168,3.987059124573744,3.1296168903312918,374
427,2877.6550521621857,162.7336424535606,3.9861126326799114,3.1282961609005593,373
428,2978.5207609233516,158.0614499628546,3.9909260273775504,3.1304576983072194,372
429,2917.210173231933,157.89290439625924,3.9848868138506433,3.1278364976499375,371
430,2901.824741808235,163.2883963591112,3.98617370307757,3.126335510826473,370
431,2944.692778720918,160.85609790363856,3.980639826261353,3.1268650013475683,369
432,2964.5564975244133,150.99246270544234,3.9848639931267393,3.1270163850926656,368
433,2951.0289732481187,158.2159758933596,3.9857841091847046,3.1308556283058415,367
434,2930.0555614807968,151.5786606752071,3.981944805314842,3.133153844044429,366
435,2945.1059046916553,157.2707727547514,3.9774795557179194,3.1293700969466896,365
436,2858.505072685684,156.98306753509908,3.9819226964623455,3.132058270596515,364
437,2891.8450837553555,147.53266343772006,3.981534367700771,3.128053115883729,363
438,2877.664898199255,153.69077194344484,3.982448150101489,3.131760642498355,362
439,2939.2391619364553,155.47628511790202,3.984521806070827,3.1330371252326743,361
440,2888.4956594322834,151.81854904502921,3.9792398926987995,3.1291037504494463,360
441,2922.8621967034614,155.42354971195383,3.97778742375268,3.13189223306204,359
442,2911.075708274659,157.72948888500534,3.9766661643972574,3.134031834280971,358
443,2866.6307919150895,153.39703467884624,3.9788961572340638,3.127032458705541,357
444,2872.3912537007113,154.5229973835413,3.978958708517637,3.1358709061234036,356
445,2926.3145307244417,160.16712039277988,3.976408689211275,3.1342073587517825,355
446,2861.7355205394674,155.46598291612617,3.978557365491452,3.1352334552954346,354
447,2886.2460283058645,153.95412144837235,3.9774307681536385,3.1332745614416107,353
448,2856.5237614102066,148.0096031017932,3.9760864633792896,3.130954555036869,352
449,2868.081434392524,156.00513005694424,3.973695170558512,3.1357681259126338,351
450,2873.6151416809007,154.1507497469597,3.9740362713690307,3.134834819349167,350
451,2849.014004691075,158.76869716850706,3.969640489404635,3.1353642309108647,349
452,2841.1865913804836,152.43439271651656,3.9744715741283962,3.1377752139703983,348
453,2876.0882001033233,142.96866749933002,3.9735526825774947,3.137424127747725,347
454,2839.6578777362647,143.3993956558587,3.9733769579821794,3.1400424748341793,346
455,2838.1802733290397,155.42840381879867,3.973508638031129,3.136807708457747,345
456,2831.828405688941,148.74903201150926,3.9727716429728646,3.1354175751244178,344
457,2855.1627586100603,153.6338387555525,3.9712792336387084,3.136723166306183,343
458,2883.311049031995,151.8711632225118,3.9710973360863258,3.138231326745077,342
459,2897.695859089368,150.3158016615304,3.967691367166608,3.1397317130379863,341
460,2828.222457420187,150.5181935720589,3.9688325587086215,3.1350659320971226,340
461,2912.0093237999363,146.5230524747739,3.969600942107367,3.1383170752303586,339
462,2814.8588541787963,150.62111155550164,3.9675282928481757,3.1418190833140764,338
463,2875.006455699836,147.62753283602802,3.970220301591745,3.138419582257995,337
464,2818.349106379537,148.53871739937148,3.96668273583809,3.141062023709738,336
465,2811.3723019039,148.6317547764542,3.967932610822497,3.140486235054432,335
466,2812.6573152964684,148.96653365050642,3.967233131313631,3.14171172121305,334
467,2830.9265690105262,154.5608672825354,3.9679925551872213,3.1384804789168,333
468,2847.3991651310084,149.15104585397654,3.9678015823480566,3.138789196659869,332
469,2847.5960411371448,154.7685116829505,3.966888065221936,3.1407405437842444,331
470,2796.680449539563,157.18927475663241,3.960787987597234,3.1379355564255196,330
471,2792.810221374662,153.62472325528077,3.9668882962960264,3.140760518786777,329
472,2792.5008391990937,151.87234267534254,3.9670546164483893,3.142105753315031,328
473,2814.1593679284347,150.6841610474176,3.9625357514313575,3.1454692712138996,327
474,2808.695331874274,153.22679354525036,3.963473293825346,3.1430054363785396,326
475,2783.9947361379063,149.1968036929812,3.9607183366397387,3.1437504569417465,325
476,2818.0881108218973,153.522849229786,3.9581032429865357,3.1451289516940997,324
477,2875.3770642500594,151.5205290264484,3.960022569468915,3.14117068482221,323
478,2789.8585361449454,146.50079769609806,3.959919721921073,3.1430698346752584,322
479,2789.494645363894,152.62925440051404,3.9597902985372966,3.148550825183608,321
480,2816.789847109731,148.45740002988785,3.958082171819988,3.143841755555231,320
481,2780.7355112478963,147.31933996193845,3.958033149666366,3.1465328614975645,319
482,2815.0689344515454,145.31900419800505,3.9589779873567434,3.1465274757543464,318
483,2770.9437187966287,148.38009423937288,3.95695954603378,3.1419437725712243,317
484,2844.963588227319,152.38231307706494,3.9590870486651,3.145820958554012,316
485,2797.843249177769,151.69470002796518,3.958863321302795,3.1457934949444106,315
486,2766.3993115276985,148.8669689872948,3.9617607754923294,3.146459917575681,314
487,2764.8392490159217,149.94821820362517,3.958751359864247,3.144591775040418,313
488,2764.586007418759,153.1584839576128,3.956486206116657,3.1441661609761757,312
489,2818.6824899874664,145.9001685441457,3.954259471406665,3.145747979999958,311
490,2736.9374697719613,140.92289998234898,3.955587494703348,3.1468044100058314,310
491,2752.461749886215,152.85564926089287,3.955153191919833,3.149669968895201,309
492,2753.150183292237,143.5511087398464,3.952973373821989,3.1512346216394516,308
493,2767.029360997292,142.59830938328048,3.955067462793506,3.150693195692446,307
494,2756.866709220596,136.91901122332726,3.9502038039706364,3.149920370421564,306
495,2717.763165058286,148.60641526582148,3.952011200328925,3.1464913194754005,305
496,2748.005319492136,137.4927368772389,3.953111716918635,3.147982207650021,304
497,2754.513479504451,141.6987059615413,3.9509248317048162,3.149519852104826,303
498,2736.1570649476066,148.2411839725753,3.9505864911931416,3.148135121923848,302
499,2773.1032646714298,148.75960626204187,3.950224428277616,3.150854411305056,301
500,2777.5822528626095,141.74147925890884,3.9483287975186245,3.1514409722165087,300
501,2745.1483990081183,144.179233365038,3.951847801863148,3.151372580125131,299
502,2751.9162476055217,140.33702736796923,3.9469639246561545,3.152650269209115,298
503,2677.668320079522,141.80801606094408,3.94913631865482,3.149090817572574,297
504,2727.366916835145,145.73107630076453,3.948827295796565,3.153065657408184,296
505,2767.6446507527376,141.7417666060177,3.9456027561975824,3.1501087090997597,295
506,2722.296902504622,142.87892479912168,3.9471462085087614,3.1499181280947144,294
507,2710.3821497082413,136.62646659191216,3.944680735654511,3.153164232268373,293
508,2798.330667780928,149.4647808240307,3.948782084950112,3.154831747124398,292
509,2782.072315705874,146.20033296585532,3.9432224341260476,3.153676026972752,291
510,2739.027247374465,147.464526859186,3.9436922058115362,3.153041608047545,290
511,2756.6673183444013,149.80212662308435,3.942051549983289,3.1539203076522027,289
512,2653.2219374612578,139.0739356222714,3.941284602546265,3.1538728538361345,288
513,2693.873456781139,141.2580275848599,3.946682430581765,3.1516480982077293,287
514,2700.9012638048052,133.42582816208895,3.9440855493478253,3.15171475971011,286
515,2705.4205970339917,158.4521145505112,3.9427805868514016,3.154342348241053,285
516,2695.301679370781,141.85207342341315,3.9406868460733064,3.1549597136715386,284
517,2630.9992112545096,147.64363949957456,3.9433152236220934,3.1551226647567354,283
518,2716.580738561257,136.10919427832272,3.9393515551212652,3.1567522032273,282
519,2718.809623848418,147.13194212821506,3.9420872785886605,3.155269046567671,281
520,2748.0569637476992,151.28795438324832,3.938254977446789,3.15712595836381,280
521,2673.8507220567512,141.54859625486012,3.9382109845962487,3.156010826465347,279
522,2668.895105266603,136.645592517052,3.9405165647722358,3.160246717924073,278
523,2612.100465421066,140.85601799527234,3.9402276546883117,3.1570614274534528,277
524,2681.1929949022733,130.26619237521388,3.9391949458677935,3.1618814452230515,276
525,2714.533353431865,141.0605664948908,3.9354006517684863,3.1582040231821815,275
526,2666.6469641342183,145.204835696565,3.9361065462685545,3.1573726456588234,274
527,2746.8033445563096,140.77121177813243,3.9368137974823973,3.156301104047481,273
528,2672.3021549263144,139.37930222655518,3.93430143807618,3.1555142228518847,272
529,2681.9097685286565,143.28784058056016,3.9382419255202588,3.1567171154312077,271
530,2634.106907582552,143.52012423474775,3.930196106112099,3.1572407873816717,270
531,2681.116610355258,132.0504721874741,3.932942520969262,3.1600896400408245,269
532,2610.620406154419,140.64411481139393,3.9329808669942605,3.1585476692578798,268
533,2688.3109386503943,152.22992562114624,3.9278121126704564,3.160273854105109,267
534,2686.7328452870624,133.2249187717599,3.9302075417395277,3.1627639567247536,266
535,2703.2787427300955,139.32290583583466,3.933750579025084,3.16032438329673,265
536,2629.400938436969,149.30873061025852,3.932060567273106,3.1649583133969337,264
537,2662.3168635489224,144.97087578271837,3.9346462720440862,3.1587483780393213,263
538,2671.914496781595,136.7330165961197,3.9340904528917697,3.1610988329032503,262
539,2665.7684491499094,140.18067689811303,3.9313660927572083,3.1606213741527784,261
540,2624.0410217459544,138.98944160007588,3.9306264764980017,3.163873013212114,260
541,2575.740543313316,135.1096409783917,3.9296318622171578,3.157820416739268,259
542,2655.4088089065344,138.32873946253457,3.9236898359642414,3.159713769421644,258
543,2637.9250096507026,137.15016933596738,3.925710880973348,3.162685306355098,257
544,2622.999882211157,138.96374469038375,3.928201351006198,3.1663027554420187,256
545,2660.418360911464,134.50808409654482,3.9287320514174957,3.1639516836680746,255
546,2633.652413855367,131.71690899877672,3.9275793396242764,3.1610969050914717,254
547,2592.924148416966,137.74359613303812,3.924715070064569,3.1617056668146195,253
548,2572.0564313271134,146.37559109089392,3.927874812564939,3.16774597940569,252
549,2593.6311020460053,138.06101463131398,3.9284648880575093,3.163457730402407,251
550,2696.7903688430038,135.84203110534227,3.9268759792005827,3.1631140732551004,250
551,2644.1833032179834,141.12042902519252,3.926479198659181,3.1682547451212617,249
552,2625.65837025925,136.4084019370231,3.92288154840409,3.167622194011174,248
553,2612.0501721844257,146.39016462479557,3.925651868245402,3.1684481192865337,247
554,2607.578211801577,136.88043745352462,3.9232915172786553,3.1642999162394685,246
555,2647.515879500773,140.2524853157908,3.9235231110570443,3.1634497887179713,245
556,2595.282127742897,132.82697808803366,3.9227308636856497,3.167066332978725,244
557,2624.8076123205287,138.9654462666833,3.921257025789119,3.1677702522661475,243
558,2594.547161491252,137.6754673847188,3.9192799950497554,3.1681292036074096,242
559,2660.7046989550518,135.86746937670395,3.920335726672892,3.170656367871278,241
560,2622.268655227349,133.4912111941514,3.9219735232349655,3.164532465819984,240
561,2634.866704440509,132.65984917173816,3.9186170483893745,3.1700193901025955,239
562,2577.467706759353,137.11176331989824,3.920786694525216,3.1664067499117055,238
563,2624.2440833770224,138.69469554848237,3.9199741413412355,3.1706114706417217,237
564,2580.622677238159,134.76418601852936,3.9174021252059603,3.168250086590957,236
565,2590.8010447179854,136.68633964560397,3.920277600207239,3.167872056408219,235
566,2634.0514301185835,134.91042660933618,3.916288906657619,3.1685801945861014,234
567,2551.2167482973073,135.44263012452691,3.9195190937252256,3.167208779598447,233
568,2586.097431939162,133.79777508661388,3.916868253963082,3.170480857879667,232
569,2590.6401577555616,134.73986289684154,3.9154682681630932,3.169154653218679,231
570,2590.6001314240243,147.99020228408713,3.9132243972393246,3.1725725964618006,230
571,2558.976465207196,135.90817149403713,3.91432347953973,3.172580112162066,229
572,2632.5879230242426,137.4264847921552,3.913592480973011,3.1749763141058054,228
573,2528.652043439792,136.2401180266405,3.910983407229498,3.172632654967082,227
574,2608.7665616589743,132.5859158835147,3.912564769154565,3.1732413555341603,226
575,2598.9519681677493,140.21994606645833,3.910892393639806,3.1753001996236554,225
576,2617.0266636881106,132.14418114786832,3.9131719835379575,3.1715446746079468,224
577,2509.8531870387656,138.72527274471275,3.9141125609514567,3.1701234835743537,223
578,2528.9350553633085,131.62896500966778,3.9085461686474097,3.173800188118257,222
579,2597.258291774849,128.3501374042798,3.913924615456734,3.1708547330615713,221
580,2493.688825361091,134.82698104118097,3.90974289793123,3.178907877345851,220
581,2499.3062329687878,127.32665821948949,3.9075499572301235,3.177210996584158,219
582,2530.350766398655,135.37820112508302,3.9105155095604167,3.178927952666603,218
583,2548.259813658668,126.57920671954344,3.90760709104349,3.175024893953326,217
584,2587.7667522094634,130.80495984763573,3.9078365266479373,3.176301147187403,216
585,2531.9420225520894,125.0913515173763,3.906691443511576,3.1745810491360946,215
586,2516.7528255580637,146.22083504701368,3.9053665241362703,3.177565849611174,214
587,2541.841698130893,123.68020220191842,3.9079479940648043,3.1736689135758978,213
588,2544.087894498832,131.84906870198202,3.9054273971942117,3.1713138136210506,212
589,2540.7371946651083,137.36652137165007,3.9026266964156413,3.1751185787610225,211
590,2519.6604137614595,136.68192954293514,3.9061021202484323,3.1740890530487653,210
591,2463.8474165824555,135.60671061086572,3.9020888352979526,3.180255853472319,209
592,2492.47152032681,129.61385805889262,3.9016934796546496,3.1812313549101607,208
593,2560.108132558024,137.80544473168501,3.905885212409955,3.175094141855174,207
594,2520.612068139298,135.46695545401093,3.9006073202015794,3.1807834312150423,206
595,2502.8243364267882,131.8114980883024,3.8978671102861453,3.1804027699670017,205
596,2543.5450564512194,131.802903788633,3.903245722969923,3.175660446630562,204
597,2473.5965010289315,128.93038676192313,3.900892273141038,3.178319464938137,203
598,2498.23955598861,125.75173987083483,3.900564689757724,3.1782396725557507,202
599,2506.632752155221,136.33575487739358,3.8998709992132996,3.1811959907972542,201
600,2486.758674901161,136.56103996800766,3.900463339878038,3.1775424412981903,200
601,2500.5228846870477,125.42945429485042,3.897994561516194,3.180102254748681,199
602,2489.369182057347,128.93107417426904,3.9019522297491314,3.179228130992101,198
603,2450.5197085664236,128.83288391770537,3.8955475390393817,3.18184668236677,197
604,2495.4443364563717,129.23672048129845,3.8988897498333546,3.180766415936624,196
605,2447.649446254614,129.57147439293792,3.898784242007753,3.180429508592119,195
606,2489.9684537529015,133.83430730823093,3.8954806964783333,3.181373406848736,194
607,2523.724074724503,125.21391345756626,3.8944525311094442,3.1861720856656803,193
608,2471.569304081718,124.5682650424367,3.898034348428341,3.181566200727761,192
609,2442.3555061008706,134.8330987107149,3.8935182784919666,3.1806179895634323,191
610,2471.1903656038508,126.18677629059351,3.893786672118499,3.1841668671383117,190
611,2447.540866757644,122.03482323211469,3.8962746179249197,3.183012950661154,189
612,2487.835270078944,125.77435028950063,3.8940694824670783,3.1807695321382674,188
613,2463.0603375743144,126.39973632378,3.889905712664742,3.1883629926704047,187
614,2516.292897549937,135.67481363862882,3.896494118289107,3.183495042108827,186
615,2497.3896878703204,132.37413106188367,3.89143997848244,3.183744261092077,185
616,2455.407584865558,133.3376030831612,3.8911944854201876,3.1851196707038163,184
617,2478.968272039193,131.54986821173392,3.892011568504653,3.1885602335384173,183
618,2443.2029077251145,132.03121835807656,3.892250153594008,3.182040509346962,182
619,2453.518706554955,123.70958936709842,3.8944222085825833,3.186251971698841,181
620,2439.1569741094904,126.00698922323258,3.886679863701189,3.1901745443235874,180
621,2470.493678795491,121.90042343488227,3.891151904417852,3.1865574573614794,179
622,2487.989648301287,125.64755984731484,3.8904860193881006,3.184129332041393,178
623,2466.4594462157343,129.9705249546737,3.888225670178252,3.1856632062940786,177
624,2467.6580980385606,127.07291642406123,3.889574547389633,3.1876137650595133,176
625,2465.191003117072,132.80740409480148,3.8893685480352733,3.1901616078312798,175
626,2451.5376776700414,120.39292103886392,3.884236074430026,3.187121328311168,174
627,2398.321415223692,128.4511917534912,3.889999533011762,3.189753303594865,173
628,2481.029145582495,119.55848599065341,3.882882475493724,3.185529262345906,172
629,2481.6323248009526,126.12088234586821,3.8832293674375227,3.18581256326081,171
630,2417.983611900599,129.2016671127824,3.884476424652752,3.18803439862263,170
631,2411.3790625435145,124.27748716587891,3.8883498810263744,3.192176057443746,169
632,2438.372349587461,127.95563302043479,3.8833834867404935,3.1897377492790273,168
633,2434.0243850555053,120.25133832583532,3.8834361322198987,3.1904796223911336,167
634,2408.9416179374093,116.5815501090181,3.885864157207809,3.190756159191147,166
635,2374.999230332372,127.53514811243902,3.8818993637148695,3.1927184159651736,165
636,2419.1710357224933,133.32005117037866,3.879643126574139,3.1895795586149243,164
637,2424.043096145266,119.46977529915054,3.8806655303295234,3.1924765702169764,163
638,2426.774634441164,130.41097090053398,3.8837415836676117,3.1897382346722893,162
639,2412.9787831706262,124.36711704408206,3.8806417299941103,3.1956665453118416,161
640,2391.8665455491428,117.32154239153462,3.883861316518113,3.190399217791407,160
641,2427.3200611851885,118.19247349323919,3.8809758698525245,3.1905352213938425,159
642,2396.9754549269774,123.77892386680325,3.877710382127213,3.1936993396269764,158
643,2378.5523095690583,121.52768856037947,3.8786021526089303,3.1930595768628645,157
644,2384.5803985386283,116.83543511620881,3.876293563763716,3.193853704812522,156
645,2335.1209290257507,114.77980359387297,3.876163133938703,3.1939546275909843,155
646,2379.5327452746437,118.86640336036749,3.885958168502052,3.191619215602385,154
647,2403.15309559624,123.9190450416556,3.878537249020068,3.197326717858159,153
648,2390.193490664177,122.7679962369843,3.8777221959780137,3.196187084411778,152
649,2423.1199251894354,120.14381021249962,3.874253639369384,3.1974178999025344,151
650,2367.1107525795287,123.5094359714574,3.878139168132562,3.193943338221779,150
651,2387.1193948915993,127.55013359931344,3.876698831203586,3.1961330470894302,149
652,2393.7822052891734,124.17063255217074,3.8777632425787156,3.1959947369244692,148
653,2437.7857102486223,121.44345664305209,3.877166228296797,3.198156005252403,147
654,2369.3429647335292,126.54036003330344,3.870041821423805,3.1985204962636593,146
655,2331.174384634079,116.95074848891852,3.8702803210214602,3.1968861016059162,145
656,2385.4378626006583,120.47540230222324,3.869992424369073,3.1937640977363135,144
657,2413.4718206790535,120.44456032199817,3.869612118713335,3.2006593237741754,143
658,2345.3235386932015,115.11523370778578,3.8716469047285207,3.1985119748673805,142
659,2377.7324461581925,119.05062918857821,3.8693663930958087,3.1964831259172177,141
660,2386.8618416568675,110.62520159552349,3.8741451970815253,3.198813084276533,140
661,2378.0119663191044,130.41089023831478,3.8733093597641637,3.195277812903095,139
662,2348.766755674207,116.01293105781843,3.868987076811842,3.200710706134942,138
663,2321.545787253606,128.48057065710657,3.8724106524322996,3.1959575765114416,137
664,2337.5616135595924,120.59042252859747,3.8709762692544807,3.1987583310159255,136
665,2351.2580136163288,123.07432066077979,3.8665985868816457,3.1999889088992113,135
666,2362.2466757227517,117.65600100824535,3.8629815693119487,3.201877679423964,134
667,2342.518351439971,120.98964845980838,3.8660640632300787,3.2003130893528686,133
668,2318.6027610037827,123.05244819994218,3.864710755737843,3.2016699257472254,132
669,2344.161389684493,122.97276207197092,3.8659130112502917,3.2006436661831006,131
670,2350.8025520322844,123.37386695037179,3.8651784565737497,3.2009356280981116,130
671,2333.888301692434,117.50833644980413,3.8646260353177984,3.2014709545006963,129
672,2294.9143865638503,116.79820163754323,3.8650473694827587,3.2012218841582953,128
673,2312.0578189584844,111.07911837366198,3.8610749561058326,3.198526859513837,127
674,2343.434623292374,121.51609505588469,3.8638227205551394,3.2006633530126067,126
675,2271.009465737666,124.16189355661722,3.8616207676939664,3.2029895496822234,125
676,2247.2046593282653,126.67990839958966,3.8623999643997275,3.2023017579930224,124
677,2352.7424855043205,119.97586317290254,3.863414819690465,3.2027883818356364,123
678,2320.3424576506563,114.46760113545714,3.858551200453558,3.2027532926611224,122
679,2320.701900075603,109.66451928355272,3.859937412694661,3.2019728032145363,121
680,2267.695490791188,123.20833366541675,3.8597629315319426,3.203013801078048,120
681,2319.625841903996,108.86861716611233,3.8584714620568588,3.2036863365112227,119
682,2303.257460627051,115.99697961128118,3.8607996589922657,3.204610286281084,118
683,2244.970172664548,116.42846586028176,3.8570592232823993,3.205686756688939,117
684,2332.7285024282155,117.0527243107449,3.8568891992011154,3.2048388994182284,116
685,2292.260499708562,117.4290130001792,3.856080161734096,3.203440689488615,115
686,2273.117481017622,117.79073778183789,3.859184110822878,3.2030038359201622,114
687,2271.1603076204433,104.87318368960736,3.855515111775176,3.2112948744147505,113
688,2219.543342837029,116.87327954935063,3.8569200907817676,3.204140369939471,112
689,2295.3000979889407,105.50212212944062,3.8594514102024604,3.2056627499974715,111
690,2282.8557162173715,120.16109036545498,3.854850363159299,3.2080340006050276,110
691,2266.677596030007,113.57437422098195,3.8567241213600667,3.2080217212191315,109
692,2308.3545562235504,105.41481637388326,3.8573427081681864,3.2086417313851228,108
693,2225.9842294301247,111.97897661307312,3.855554383120081,3.2070145658609355,107
694,2247.0968257089717,113.04962330407673,3.8529663973680446,3.208677116141279,106
695,2236.9997523571883,121.70349808777502,3.8537842155179973,3.2086226873284818,105
696,2251.6361506068533,116.58318870875124,3.8494252428137297,3.2081757372649173,104
697,2259.5241007577165,117.1722247217529,3.8499399136837003,3.2095908194835423,103
698,2267.9004057143406,121.206108171103,3.849790649636736,3.2115107310935014,102
699,2242.0907964068465,114.66927856037756,3.854981224240349,3.209655599553129,101
700,2223.679327945353,118.77093980516202,3.8483748309714896,3.2099689056927128,100
701,2298.0802084931133,118.26930556965996,3.847845046497476,3.212436322069752,99
702,2317.349205753657,108.26765253215294,3.846912158039502,3.2125227207196376,98
703,2246.798600156461,121.91491788814915,3.8496196235238616,3.214067872881927,97
704,2217.296588989374,107.29849109964653,3.8482852427853382,3.2076875395310407,96
705,2281.7636239312687,118.83683324738924,3.849673517954053,3.213310238366339,95
706,2191.597286810146,106.51463481547185,3.848342519332155,3.2130031600908047,94
707,2222.4568002588553,116.95618394075836,3.843739220306552,3.2103286952044936,93
708,2209.116488459611,123.10957439075086,3.8443854444599794,3.212903175835998,92
709,2192.7139334864855,112.58510671724895,3.848230657496552,3.214802243495516,91
710,2216.599273012347,112.21822178573427,3.8445934035108467,3.2113416821550294,90
711,2196.574837624781,116.40219999658426,3.846875183636036,3.2141851248580453,89
712,2220.3796339244595,111.55301772018728,3.8437006381041696,3.215342707351462,88
713,2218.315315030174,122.1413935187141,3.841564687143423,3.211757960874937,87
714,2196.3600482943407,113.86096124729349,3.8423934784446665,3.2139154286151097,86
715,2201.3845993021837,111.14915245889637,3.8405639004089007,3.215101936753285,85
716,2203.0745309628887,109.8985723605216,3.840868894475195,3.213207736988914,84
717,2231.7953818335827,107.7852576491349,3.8419018514131307,3.213341693601813,83
718,2200.5471179680744,109.16122506621255,3.8420232101807383,3.215129910796274,82
719,2227.2410522235828,110.39663303170703,3.8373196173534914,3.2173032794338075,81
720,2217.57438950664,109.5618046325071,3.839965263984982,3.2172874680023846,80
721,2214.645920907022,108.55912362931448,3.8383267685288804,3.214577174541627,79
722,2236.6353791103793,122.1942061517622,3.837703170382083,3.2179043357702315,78
723,2158.9182736076227,106.39952461755254,3.8387653692382666,3.2152281204476667,77
724,2175.8045068107867,112.13316293823088,3.8368990962546214,3.2139796604040134,76
725,2240.398964008987,114.21260504880436,3.8402642759896937,3.2167657128579052,75
726,2177.280504982322,114.25053997791868,3.839376123752502,3.2200459387431715,74
727,2098.0462893028243,110.65696462108764,3.838863656587884,3.219411921104283,73
728,2173.9109497055633,109.59648714076344,3.8350101796090197,3.2183968563852536,72
729,2181.5481859048973,112.90773745619754,3.8335750023301616,3.217866589032818,71
730,2096.4866064770636,111.83260824989101,3.8351640598587764,3.218220475727767,70
731,2212.5180691966384,109.05520582616244,3.8341993032674275,3.2195175698117215,69
732,2148.588626084032,102.39060714137784,3.8327823536751535,3.217463125028308,68
733,2177.3568934556256,107.71038138833376,3.8311485311066664,3.2192037853095976,67
734,2158.220553639678,104.16724918146272,3.832916964061464,3.2197688610772808,66
735,2123.849457423879,106.41420224966836,3.831691861099495,3.217797851083097,65
736,2127.8847559609376,109.7661161925848,3.8333766940740763,3.219123103498205,64
737,2129.4475149071736,111.24368071998309,3.832830212103043,3.2219210135829726,63
738,2187.5701572755092,118.20226375646203,3.8332015996108457,3.221419023679882,62
739,2148.0738543569955,106.46296810548094,3.8279814088962403,3.221082476417613,61
740,2134.344034503448,112.87312817637576,3.8308021166153874,3.220177145124924,60
741,2119.461732622293,110.3798001221892,3.828045068587533,3.2254536996511787,59
742,2180.884506645784,115.17998835319895,3.826559171578378,3.2209240415706413,58
743,2186.4260381757076,111.43114359797812,3.8276427955261028,3.2234031856145235,57
744,2175.5423169612004,103.35759286356843,3.8301374099602694,3.222224261823852,56
745,2152.273120174625,99.63476985354384,3.8267553632928593,3.2235725585852766,55
746,2143.6949012561213,109.65630849833754,3.830130909319918,3.2247152194838806,54
747,2096.021865460723,105.30774501049805,3.827597757031041,3.221359486821584,53
748,2122.6254261986683,102.89843127024702,3.825211819042039,3.2243867675116933,52
749,2106.984193899607,101.31211147733461,3.8278200968578133,3.2270814572979596,51
750,2070.2346367304585,108.30487748793578,3.825890793544229,3.228523003786984,50
751,2154.211302574961,114.88853849656684,3.822634881223107,3.2250399720534895,49
752,2099.125101608232,105.15663827146979,3.8277176052711614,3.2256833624144337,48
753,2153.3782572230593,110.0013515553766,3.824018957646173,3.2303226660572033,47
754,2141.4523920228003,106.38866824891204,3.8230375923839715,3.2284698485631984,46
755,2129.2015392990024,100.30308955448304,3.820788934660189,3.22526543086149,45
756,2128.3865221528954,110.2740567175521,3.8243590765352153,3.2255620330982278,44
757,2089.0405835377887,100.97653977986315,3.822534550854723,3.229013098923575,43
758,2160.73550453872,106.40813315296782,3.8222584763605907,3.2253779257399082,42
759,2103.7937629285916,104.44239792497348,3.8194849373129487,3.229875453502678,41
760,2109.057950553561,110.46538717282846,3.8216682011438206,3.2286685999275018,40
761,2078.027709993001,100.55924503764658,3.821323627187142,3.229335441528054,39
762,2067.0650421766913,107.6543495390098,3.8176624435224378,3.22808653239304,38
763,2106.8188802642826,101.3510129632565,3.8156660197206382,3.227640350391507,37
764,2096.5254048781635,102.84447393835607,3.819162746118678,3.2321239856617368,36
765,2063.8194290229226,87.07399886229949,3.814353306100789,3.229006525438893,35
766,2041.847198436738,115.56049285808955,3.817304031555676,3.228978129846852,34
767,2044.4023073801736,107.70278466413116,3.8156055097904256,3.2299397258642406,33
768,2115.884011512733,100.96326257030918,3.818437330421578,3.230786044265436,32
769,2059.102385560498,99.02672155833504,3.8147143122184657,3.228638349746561,31
770,2064.832743629725,102.02175623560329,3.817214545944008,3.2298702570115863,30
771,2116.0102077627716,107.93439767409727,3.813471581111274,3.230063935852188,29
772,2036.3354831554075,94.73957537207538,3.815999982010119,3.2332905606092135,28
773,2045.6901552284883,103.34207790352832,3.817620683087674,3.230128074864,27
774,2041.9369951431793,112.75320936231337,3.810863905723268,3.228688464284484,26
775,2111.0420544349813,98.08026832016098,3.8130840714434617,3.2285658108741875,25
776,2119.801505017472,104.00192519381828,3.8174975648318203,3.2298592397306485,24
777,2080.046896762065,114.46654907628879,3.811633177653806,3.235823076405696,23
778,2078.5015417246273,106.46075814845388,3.811123576540459,3.233432413198968,22
779,2035.089349914418,103.77961910242728,3.8120769978947022,3.2347024981736143,21
780,2108.4198546071284,105.53318227454501,3.8100821617281895,3.2350729754542424,20
781,2055.53088763076,100.84567332495149,3.8060855480108593,3.234412367836785,19
782,2070.5933079334923,109.1981564265172,3.811264574749678,3.2344504374066974,18
783,2039.3342518368713,100.55334988549895,3.8044941031722694,3.2369890528596366,17
784,2031.9590223801717,92.60409195632012,3.8071664166977235,3.235491991828625,16
785,2087.3912677878834,100.2934844802977,3.809914851498313,3.238298194958527,15
786,2051.191710392149,97.26632735061649,3.806286915142715,3.2370416598905796,14
787,2076.0412638321113,100.54402993901286,3.8051126070150714,3.234864407453038,13
788,2037.6598451523514,100.50457970459686,3.807758527810333,3.2354057319522602,12
789,2002.0490039073072,107.63711599902454,3.8037977704263315,3.235245070387091,11
790,2007.4997120136454,104.97646363332193,3.8025555485608162,3.2394350960439016,10
791,2025.5889572739384,102.66632743787699,3.8050490279749867,3.2364898980941086,9
792,2001.2049935187001,101.18527294333703,3.8036341534031752,3.236003054406401,8
793,1984.2761577411693,95.75570995571005,3.8010126537716222,3.2385395560822534,7
794,2051.042510953611,89.99412381167161,3.80427390507999,3.238005665787255,6
795,1996.1538978752947,101.31580005696392,3.8034289752111548,3.2390891370251507,5
796,2014.1457824337397,104.5732060178683,3.8012804899667887,3.2425796278077876,4
797,2016.3840076965682,99.90833058377706,3.8009173359877506,3.2409261416118578,3
798,1987.355406240383,97.62572838606651,3.8019407854840184,3.2394540211086036,2
799,2046.0239839892622,102.47251082607107,3.8028807228395043,3.236883153231588,1
800,1966.4857471638616,99.58333899687827,3.7994344135797817,3.239000075005583,0
