Cycle_Index,Temperature,Discharge_Time(s),Decrement_3.6-3.4V(s),Max_Voltage_Discharge(V),Min_Voltage_Charger(V),RUL
1127,52.834458926134104,1843.391771059881,818.4945449473054,4.087561430859132,3.418249245309017,232.0561247529361
861,48.738290833462145,3261.981117146978,230.19386115369633,4.012066440314305,3.0251072158452277,522.9264155915653
1131,41.40146928179642,3166.2094858438645,433.28476171902395,3.9151466833237225,3.2323065844044856,261.2574276979631
1096,39.06477936505648,2948.1629585377564,416.4094654588801,4.088245971535284,3.189808382225835,335.836118053657
1045,53.54330234810499,2087.972609894149,436.21478456404895,4.015684053859695,3.1582933799543254,309.450092552343
122,28.203102405978363,2877.9486917619406,567.8173322421758,4.180880141823966,3.1428497970223823,1336.7958357613568
467,58.71976266016937,3103.4817324314813,433.3745114318017,4.06259702246693,3.0456870524302047,850.9796781610223
331,48.438099153469935,2864.728375928725,413.7719643637629,4.181895453388052,3.1574129146758243,1049.2245990736
88,27.98027709353279,2388.7714279306474,437.37380997950925,3.9661451080419914,3.021526201357834,1384.9527708333792
1124,49.44988734793952,368.9351681174399,539.9633483185165,4.117717773109231,3.3904819318222175,205.50828515929405
872,41.19360092724467,3059.1900261954097,492.5665897491954,4.085174706254618,3.199113896979006,568.559746155954
131,48.289203825777776,1091.6886101707823,771.6396779324438,4.121822468949394,3.2219519161599557,1249.712183369318
770,50.71118005771355,3320.1070540517912,63.557231074426625,3.964400359191761,3.4467972932250657,555.9650955267014
344,23.491607183587018,3868.91834123747,753.319022896251,4.099498354871332,3.3290274919306104,1206.2412228756527
806,40.24415825437388,2652.092952914485,762.6536590983171,4.04941211791706,3.00402955167106,642.6070553543943
386,57.280573690277365,2849.10922540477,270.71905894724557,4.122847492471895,3.4715874114806424,945.6174905272464
956,32.825687686380576,4771.949230430158,427.3097204139486,3.9981133932455455,3.1185722329888557,488.02161174076315
277,43.75532390231595,4281.686598451099,405.91386991294326,4.167017107639576,3.0538070923799294,1137.2872047036306
1185,34.76921926039584,4596.911624971909,212.28865423163467,3.925290394383405,3.384064089190441,270.2004399957036
460,38.170718888763986,4124.701555102056,369.1812254359585,4.142156795637357,3.250238657933359,984.9882040521875
22,41.94412471752613,811.9162066796378,59.0612395103519,4.158395887744527,3.2168852830090087,1376.4869709472684
253,41.95687919555909,1000.2617230599151,264.4834240479263,4.145175693410047,3.124751539841371,1184.1710444416374
748,28.069218493209434,2775.1318471641102,738.680314396632,4.053817918278533,3.2737357449311593,727.1846650704418
857,47.38286191519333,1456.5273963505917,270.41482555134985,4.031515494009229,3.1371923026012936,544.7010053971447
475,23.51472444970627,2540.468732693448,740.0218684984578,4.198878685957463,3.4507915026435336,1016.4875925423281
1083,25.552990937680814,2153.517021946246,487.8075288518992,3.9687515853642488,3.1076022398665963,467.19792502666564
511,20.108435976573187,2882.246920623131,794.2791560778207,4.064062789762813,3.442177575227877,1027.3682870964392
700,24.667842565667254,3810.315865838367,525.8060077526853,4.101202657614698,3.2797027128636786,859.3454327031367
976,38.92664804207569,3662.8072633665897,46.10803629697104,4.11026029075843,3.4142440669476204,470.91879931614244
190,44.24407524223355,2749.8004226810713,614.3697826414385,3.9612073997215735,3.3564229979304776,1202.5503366514586
958,51.7715779986585,4165.249068440173,59.47113986074042,4.09619822770194,3.3483475557183744,424.7297258784914
687,24.267970004537442,2325.0518302287564,416.5253767051579,4.145510869944402,3.162172903847528,834.6717063411771
958,54.029098400658185,4514.557162248575,837.8954911363403,3.915005573046334,3.116948465736102,404.32099088666433
563,49.838981021948726,635.0172692592704,165.37946661730814,4.173456387997595,3.105443113840394,825.4129443308974
832,36.340731717436675,4786.902141156545,363.0876705885588,3.9088512165435616,3.428595828529794,626.5308840009702
1155,57.317522683998185,3377.0574827273363,662.277071786661,4.006791309746518,3.41021341012951,163.53876636469425
647,59.63717905829562,2086.3501920048648,796.3875293634659,3.9047439588698887,3.2202867640061537,658.5169366139228
21,28.20007240212949,1226.6243948925235,610.429844173407,3.9231435505618744,3.0662023067482274,1447.1152980170639
841,35.169143398552016,2552.16117838492,247.1924636882289,4.173350485554024,3.1911261259887294,610.7051308946501
167,57.05797694358844,1214.4241189709146,613.6549105662702,4.0064582492238445,3.309671727068456,1168.2466918525895
388,48.86386203005109,1081.7585563927682,281.1203241715992,4.0274314591275155,3.2272015772399762,973.1692785312856
601,21.923785758563508,3201.5532598409786,652.217722240487,3.9646033144147657,3.3900946342414975,929.8873554175753
316,51.260579270056596,2758.498205534388,859.5491522748357,4.079128731056016,3.4988114111256925,1058.3580000524466
14,53.117635487099676,3449.451362671426,654.8262369735337,4.078440964403337,3.0955660442244484,1348.7904023919186
242,50.02007699061254,4669.147623883349,779.3348425629229,4.0116601175475655,3.229825409829786,1127.7398289434586
777,51.98148523678063,2801.6230026934886,21.851381994777405,3.9999104615416194,3.215491950960411,580.5280117687854
565,53.00530706771189,3030.3806503351493,651.463469763803,4.165489292454176,3.1522462663744752,778.146841425261
898,27.456199471525764,721.243794028228,750.0370500414202,4.014985271892661,3.099047758360145,608.393808493118
92,29.42766984259999,3672.8881937705587,55.691689039319655,4.048050297646323,3.0328460582448296,1371.7917931539364
956,45.35034254880709,2179.5544719795344,787.006000013643,3.9849914287274792,3.443559658611849,446.43609658982086
509,56.31464521850064,4890.608621714121,245.89092091284036,4.136030851007138,3.209924348843159,867.6669818329375
776,32.647863291859785,4168.917873299603,605.4570497406886,4.019234447069728,3.2484477592500243,679.1155286469141
35,43.53226703180226,2755.660890425756,724.3122935405978,4.0540833139632975,3.458471024100458,1391.5527076553726
206,47.31928253668529,879.1464746091805,603.1447714922328,3.9760071510178983,3.388145238757974,1193.777767637287
1105,38.077944051961566,4339.254228418769,101.21061702446637,4.196297877702376,3.065250632058592,335.8396310054132
1026,48.55129819421304,4058.9711484929016,544.7629365971242,3.987448722277117,3.2827099838038714,364.85047786702984
1022,55.98669781168692,1167.550108824055,503.63361791548635,4.131222759271665,3.2211261382597796,321.1683795561468
566,44.964061767273506,1687.8079593354573,812.2827159053589,4.0282486951070275,3.3986055362893812,834.8752105395013
1130,41.59124247658532,4029.014113294835,375.73096208690407,3.961865221525242,3.3621162738059747,276.0815086525589
703,37.54978701553356,1170.5736987728255,302.5513654366041,4.139915629189458,3.3452028609555358,735.080207345014
402,43.099450836245026,4613.436699105473,679.8686727040903,4.000082036708713,3.1702724177399486,995.7982259031049
730,34.214498072735836,2295.278898422901,383.15428695338903,4.159558004219344,3.4024818651996274,744.0406114978528
162,35.659284408060074,709.0831241619956,588.5646340044555,4.1745771554753475,3.0261956477974308,1250.7136293861308
202,41.274299187526964,4134.01862447012,588.8760793096542,4.157947150617383,3.0798124507160836,1226.2495698848747
996,22.664764495632678,2055.4955102804215,801.4743766369037,3.9105023744420415,3.1678116364889557,522.4079115502822
270,29.161015636991856,2774.5462125227705,546.8493140408057,4.136212003501532,3.0384037205346406,1214.1152410985615
816,41.71397242453636,827.8304187327301,461.89517676654845,4.023401839949743,3.117497138767346,620.920116854628
456,37.2611257254577,312.14486977141723,142.20676722893495,4.162116876054668,3.415075491498959,976.9718995718525
1017,33.31263143649937,3298.5304672284988,121.84909387726071,4.091386278805421,3.4741257688950395,446.54551970894414
296,49.22196547237206,2721.323300568539,155.80297744910985,4.150092940243187,3.1523011778870953,1048.5593348744105
720,47.74870429613354,3089.631274878792,171.22666356784316,4.049829530960051,3.1322579019944192,657.9501408766279
338,26.669230399735326,4030.5960967884266,581.3318415439978,4.06050765137968,3.1399463261232134,1170.768576624828
879,55.14516461493753,3339.0477930874426,672.0635002416291,3.9433162896401,3.138859543675422,443.49094221458273
1077,39.81694505615863,1121.4351812886725,486.3925401752485,4.135196207606807,3.0179650910929867,352.1101420602218
792,49.65843644556182,1995.6308398198191,749.5356046400321,4.025816883500092,3.463458173165554,571.157476334515
217,42.92603397029555,4557.688192502474,892.3116395255972,4.050024035481475,3.1068490707851644,1191.1500907130874
764,59.90770463695373,3918.740091182891,741.6111136250333,4.135529314228712,3.2100020370407023,549.1079270399994
188,50.096124801552904,2916.194172302571,631.4964888348441,4.079653620023832,3.004843441370484,1161.5754639063668
380,48.279218449738366,1501.5314897035798,488.593575504689,3.9603296182328003,3.4289775454575286,1011.3239740505041
493,51.142877562030044,1719.6843586235368,414.99070307374325,4.077069797745268,3.3655786722274588,875.2936769493548
1065,25.725119421938786,3740.2029176524825,94.26529487919726,4.022289857393897,3.4733780175868514,443.6269852840501
1181,28.18178372677853,4300.5190260080235,371.44449858732804,4.040857662613159,3.3908077395981997,318.97983952608456
15,48.56256328894457,3455.6959467938877,820.9184803682781,3.9084933823208003,3.1568532560260327,1391.6923582970576
65,39.75925948523451,4104.790886111676,731.0599143177666,3.9630088048548844,3.1239366793642116,1363.8734374826809
521,50.18541167440466,3903.283835441908,210.12520121028473,3.9843114244143085,3.3488581537766464,878.4453621200408
1153,24.1166412297658,1003.6086493977014,430.61485053354994,4.113888002357641,3.18205638750525,331.9013037033519
648,41.45925405938379,2292.540620692519,738.7164182515193,3.9034477419894347,3.2831075078763083,787.8829262876437
1087,35.15286262227663,1019.0238638942445,79.29840821125981,4.022633178368739,3.003128735513235,371.4234952151739
1163,38.280008771267134,1405.6072485693287,360.9054753884202,4.17720806112772,3.030942850840238,275.26180919396006
593,44.1583148829005,4385.520235859947,769.6202884490739,3.933564184964737,3.2676839705908254,820.1030702687598
392,40.091533898501204,2522.592238475956,375.43012046970887,4.054927316465584,3.2830358232240826,1013.3275529407847
419,41.594425484513465,2816.183078660506,88.30088736366795,4.1359567147172545,3.3757264722296716,974.0929363789321
289,39.45429927982431,1138.696036570529,497.4302443083813,4.1827593922560355,3.065982659811981,1172.9250673224183
379,36.35820708341973,1767.6773944293413,778.3333955280999,4.1240329918601155,3.2565915418783895,1060.8345210189561
231,50.8752792239298,1382.1569916109886,539.4512777987806,4.116169664593322,3.0972238222158444,1135.963735444217
1018,20.48812289272178,1269.0749732366041,219.125615228524,4.147946427058729,3.0465980597813473,482.5131960515653
41,43.93770804820908,3298.4157285850597,358.1308657208956,4.033860366293263,3.205247897030277,1334.675893649018
1052,42.62033389291895,1507.3540839348595,416.10855784010033,4.14175335978535,3.0816683240445286,358.1319529591596
135,48.64716298931809,3270.472784295967,529.7543913620636,3.902389321423635,3.110890989096159,1239.932426623235
201,43.961174591093055,574.7366863102034,688.2289026622994,4.177368316613042,3.158777289934751,1204.2288141793838
780,53.07195311236313,966.3396495773787,107.00878352375915,4.032991952855153,3.129694200371598,581.3833132458278
930,58.36299178256111,1590.3391938005893,802.8937890554583,4.066014056359724,3.0437956487029734,452.97426271240835
1057,33.700970287141736,3106.120509409751,30.832538654146518,3.9764646746744647,3.044958122429851,392.7235489495122
1072,29.09403932119948,3476.4538519106673,345.6460545133446,4.122759249852127,3.0966247076170843,439.12860555287153
503,36.94387449681932,2380.7697438637774,44.129872775938736,3.9229907419425745,3.0252795939797696,970.1211118168023
407,31.517184659029045,2395.217298512976,365.8173183038563,4.161790740764051,3.3132285098384635,1075.4865624102945
805,44.59801052610618,3705.229201573505,482.7150870085249,4.148435048701903,3.143663358254451,592.3074207184868
99,56.474096353718586,374.35913129823746,470.2796201917303,3.96481803487343,3.1398729838845356,1216.4000715087525
684,25.564647765722476,1903.1231150288365,165.7529453848735,4.142797319485579,3.1659991471188826,822.7356387180657
726,24.03178412063546,4147.923168460394,588.2516488841388,4.135907319918444,3.331398137104861,799.2173209908416
961,30.240621274146488,3135.1312280028496,59.405036444108035,4.089664979326185,3.435316940741745,547.7506429149272
613,49.043823442496034,1884.9675239504759,690.4780017165256,4.012056053069906,3.379543466277819,747.7817237025843
643,43.71851621035286,4555.966523949467,853.0471019143207,3.9814496262545602,3.3637646151125473,758.5368911645303
1029,24.088506569007983,3931.326819012098,318.99656789298376,3.969535077086805,3.2421955928004245,456.6801753465031
503,56.75002089042986,1545.008602012647,475.1706559086121,3.995582688829082,3.346902778483706,825.5803356991122
767,51.60338548496347,3332.8622363708696,353.44104469175664,4.171067533029759,3.276381184016792,613.2708232598952
398,20.9209041915055,3100.0284224880966,25.90514346757276,3.9232922327966344,3.1081252640932644,1108.8093836551577
871,46.05468843952984,2185.5831959832185,359.56956254770205,4.148661382875888,3.1042941838705254,507.24113425601064
795,50.84986674078952,2024.693572262563,716.7138281499849,4.004667022512547,3.1481960034376417,591.6905835704979
393,34.97741478881688,1914.7342314458085,544.470181121464,4.056479818803408,3.4554013354849067,1066.1277018567864
207,22.756861574688752,3200.63218195954,109.10872486133985,4.138345690094547,3.273707420189863,1311.2159160852598
1039,23.09284261955149,2379.3267014591465,765.4827509305309,4.165312964106891,3.366952688500935,457.4780397382612
892,24.16987864207238,4209.756632281684,487.3551034990137,4.003434426021794,3.1732793799082737,638.0110723539321
864,53.61758527921692,3447.132295829621,760.716558335315,4.0385530443825335,3.2038578853326127,493.2018775503112
743,56.427447930228524,628.6785468343404,530.5949365308259,4.024354819445038,3.062782789318626,647.4665631239527
564,24.912431273829352,3308.7906519923804,512.5258314573871,3.903975310051173,3.0856474789108352,939.6611670202541
1021,29.43624138380325,1574.3929515508685,112.6280829733709,3.988782866657597,3.413678277413073,410.15183624404057
96,26.62082041469159,3086.216360771087,167.2765651619926,4.037756770119769,3.292419315844441,1348.3383872310048
485,27.452835179764826,3496.6200761862215,875.3822257170002,4.023328082664132,3.1687662329419095,1015.2148229380853
231,53.49963156009969,1384.8971890238568,221.06833714419827,4.116578768254704,3.401425604497773,1152.5117252461177
749,33.28585650619756,2447.235630937733,880.1578638315237,4.015441085166331,3.1232599528189917,693.8941548705352
1195,32.45777056182565,1194.5268552496186,488.0831817413518,4.046812934691201,3.4880163493001017,309.7307226464148
541,29.095824835084507,545.9927161965891,139.49436141626467,4.028882577639709,3.172408803873085,971.7808545644596
1060,44.315775751770346,2078.8391903835845,107.3859384232498,4.122187844668312,3.168655477075614,347.6320565099712
525,35.17222793542196,2005.8380776761624,203.8003822210512,4.158891719696089,3.1559559527683527,934.9279391700128
1184,49.76998607373155,4978.758306310008,834.5608504222955,4.059566723702254,3.061055757962144,210.04067397911257
1110,28.2231923350255,2397.856050628918,384.4521974088396,4.1368296582585575,3.0555685736660063,411.68393627128285
578,51.51159554857969,1867.7768825193418,367.98215583376464,3.989036004605955,3.3240525172670616,803.0847415920132
682,44.14886126920556,3028.2325315683706,295.62150974175313,4.062410883047181,3.4375590222790233,726.0143266993952
557,24.57069200222751,717.2067523065118,149.41442849859777,4.0035689861009915,3.395260255135837,958.5925639405954
1013,36.58018336814511,4819.828958987622,449.3090535293177,4.024260277671549,3.0705537970106755,439.846288788259
646,54.54072562451828,3284.3122142778557,134.44204860980204,4.119724159443801,3.2727910608960333,724.7845756229084
796,56.918409271939396,3847.7377537219845,755.2226080164482,4.164498744699814,3.05279577298832,513.0074877787123
1052,38.62800489275253,1101.2463094174125,345.9493479222697,3.9364486173263296,3.022647321806539,386.17704453518644
190,39.233479123562944,2224.5459091244584,349.8271396479808,4.090391776946214,3.3281929296923836,1248.04141453378
633,56.738188997572045,2286.638832962091,437.12565706517717,4.07464314227334,3.267576166840175,706.8521116710963
628,43.48272896546269,4162.490286335108,410.8323875858614,3.9355245117527797,3.0410118426057355,795.2696840570378
973,21.313866809737533,305.81239486922436,895.475016292203,3.963568299132033,3.0174696232029943,583.8540183626932
710,56.50997851516515,1714.009609260299,499.93538667210623,3.993300748419804,3.4948782067046675,635.2144500462631
649,29.929057710286074,4911.810959418228,97.61749933508621,3.9500793212452505,3.015010666074536,840.1891330627235
318,43.10527816366189,2531.9667544792273,554.0520605876984,3.9731188447573027,3.2222641265250798,1123.5989043907216
684,26.620532697118954,2097.873517146839,153.39417772549436,3.980280239658512,3.2523095123038477,811.1286266332423
664,21.3551664098638,863.1963094829379,47.22512736358094,4.000702149911718,3.0586400739002224,836.4549039035048
1137,32.458926845310295,4878.573754551673,874.2530952359783,4.124817135840348,3.084530889219858,338.02094275520705
442,51.219828301843506,394.123872851375,700.7142245504162,4.07157366115518,3.1759025032051764,882.8675357548209
564,31.103486905176723,3764.7470575340426,882.4959133241149,4.195874001585421,3.3808379381068314,859.5152247148628
1137,28.80388856324388,3912.4190825059895,440.53303425957336,4.024420748090241,3.2535412120301332,350.6407981261058
952,28.507231373649052,1445.1865655001732,488.38662741109897,4.126159522151077,3.318950937276481,483.5644354701174
1105,40.60694729627251,3456.3246849812754,168.1365212088346,4.16144052641296,3.4925872775453373,290.6619086700737
699,59.02165262731025,736.7669785831326,237.2785354674753,4.103693547911413,3.384002717656605,623.2897655932422
113,38.35955952068052,1508.1221522307753,757.9233091144888,4.023559422125249,3.217180749070609,1305.7738754016796
2,42.29221475560192,4003.1393449736456,333.44336946348284,4.126078389223726,3.2232209608982743,1408.582796151048
642,54.425280715629356,4364.025102557639,747.5971769408487,3.9611001413318054,3.3093860385205023,733.1309992372231
220,41.40278875734634,3159.886139501019,643.932077372588,3.99826564955404,3.3326826042094524,1202.755672440547
855,27.378514856754244,2682.1406295562683,175.91041423924165,4.0640055765297864,3.2503554629183355,616.3210176806397
385,31.98383647065908,1048.7288969092074,466.5528021853731,4.072622816185844,3.3224306114074897,1107.1696391023902
1154,32.397477050744435,596.6124554720058,616.1008429364708,3.9066424426417887,3.011766247207049,280.435470015394
1077,35.892724618303916,852.9504338257256,226.8327490273661,4.183534256626803,3.214811431948422,372.9740470839224
730,37.071556213469975,1368.5793104516642,751.0058892576676,4.108988181365217,3.1394690380367383,678.8404994324161
247,51.99128088297078,1905.870158915528,499.4483386397644,4.048711125069567,3.0645872226215554,1123.0899536997567
836,33.97547996197332,2090.27476990164,165.41300438949082,4.179938170322493,3.0497732564043876,612.7500521122814
203,38.72927313765517,1927.7123123683166,533.0262950248501,4.031728669575249,3.301596082807334,1249.9983925422514
123,44.99903948204209,1423.5600613271483,899.7481476572044,4.194130671081112,3.2618002735763056,1291.418592013674
401,35.10903789760677,2695.7039597329813,152.45891266380391,4.053685427173045,3.1267920584981845,1036.712023872133
767,53.46259253169332,4178.844708694615,738.7460985051847,3.934285730999394,3.235475029386257,575.1082445252085
294,43.49814416936297,1614.6066308159523,202.43192280505102,4.129440291737783,3.2461161575912043,1107.207344492543
280,31.76178716883886,4729.218989780496,708.5017299248768,4.1036693175233525,3.097504490219308,1223.7024933564924
884,48.56236799159313,4404.682310102085,666.4285723468437,4.131896016391676,3.3260465309408254,530.569529664196
198,41.105909205791434,1060.2917933549152,284.4306593283805,4.185432608617704,3.390459678193045,1202.1050902636698
982,41.37823565028988,3995.4969967583443,306.7243434567158,4.132946790795305,3.3957317704447596,452.1133285085776
752,39.243517935503434,3000.560696893503,717.4188249273689,4.083400980664994,3.3012349153517278,642.1537817445376
144,39.88047795284996,2962.9042022056674,426.0720504608351,4.157192670708253,3.255819291259507,1272.650761014603
609,50.61425124264963,2137.90098637342,663.1198652663917,4.101973931806359,3.0305035715026976,744.3774567295027
1148,24.119259173252622,2655.419096155446,150.2260496819346,4.022435717047777,3.1439156494258027,377.7892932851857
187,33.37451245241929,2166.7402539172917,770.2508480733671,4.165685929272533,3.046635723389085,1245.3130873421353
464,23.020134552155568,2836.7433081717313,645.5785506804408,3.966570138235312,3.481911580439237,1054.4863319476717
660,50.12984882989804,3251.3652480313885,818.1096717746539,4.114392382472618,3.0675400731128803,714.3649582818291
764,30.89207418881198,3469.2278901225277,136.48769355077576,4.164469036482227,3.075887704925551,703.0306524613499
955,55.89721639275537,2802.661605029303,541.852760317326,4.119394955910989,3.4447883091652463,423.9455770511111
403,41.06313866637175,3690.683716445039,547.2261148354861,4.109182625716157,3.471964141738229,1051.8782505148274
147,52.029990859444844,964.0068315948772,331.0454516811686,4.125791488221551,3.382914519617455,1214.9621893337164
1172,59.157257424638445,1296.317707240521,423.45045362094686,4.039516574490193,3.0027024618363347,150.2953868648079
864,53.59155437826282,4148.054519149069,53.42377569507106,4.162251204647108,3.000673135478282,462.90476173262255
489,54.67975040046094,1815.8814958781513,676.3568339917706,3.961030942540827,3.1890503848937253,862.516068252911
929,36.31937981459379,407.60097738776517,503.40378187479314,3.938215924800102,3.0716976850054465,553.469166041951
551,42.06890381037359,1022.8184034397461,70.81212564487292,3.9856526340355534,3.009193071075799,861.0807741575735
338,30.155542561732172,1350.9878421326628,619.0651858052273,4.059473219032498,3.2320333447022525,1150.7974728542147
872,27.844523987738114,4799.41757310456,430.7682279634454,4.053168538622802,3.471530948703486,585.8274335829242
641,40.220315164241356,2993.294715974992,50.325908294,4.146179627302976,3.161909787451216,774.2029255841212
473,43.80195918801682,4683.834480238397,873.2547996263239,4.021370596921205,3.3305703392143484,942.2395101759689
151,33.57084983584764,3003.2677473341373,855.2186859187076,4.045303327887453,3.3261176765662204,1308.262998781723
263,42.777740710540016,2552.9658686479033,471.35412620953383,3.9040103049778185,3.125540051832584,1164.6046431355112
144,55.49841930054012,1774.5201486122514,102.43173022120098,4.022921770932882,3.325212624411932,1191.454465806126
346,42.26886339133465,3149.9434388368654,684.0666750067608,4.094332269885102,3.1061669871434456,1032.6559120668535
624,48.832523852420266,954.2307157023903,452.8993680930416,3.9046524991879776,3.0610037067884446,779.2791853443441
1017,52.212598694316206,4521.829648275718,286.1537808946543,3.984264589555873,3.350691642779845,328.2140207430008
881,59.549151278217714,4197.862304164033,452.44799622512994,3.962386907786817,3.0567204085519584,456.38632415895114
2,44.12789608707918,1792.397805020664,479.75084795680874,3.9125956286728765,3.4984546092946776,1411.3776568943724
897,52.27400595850344,4778.1483797260835,515.1862951396586,4.043778026974361,3.0917262005751147,433.35490630684296
254,58.505972742194984,4178.44360685317,408.27686801668733,3.954516987968447,3.297070931378229,1099.4526446338255
453,57.776389023090935,3431.6423634246867,553.0646667623698,4.122924461889414,3.205687285706295,871.7867109939659
1061,25.643273951108544,872.2809822887915,828.4865453336121,4.154378365129005,3.0631932112028335,436.8847226841965
1184,36.25569233094088,2547.6999083259398,338.7959166467602,4.063675554800744,3.0139219537887065,252.55788706598446
1015,32.95960244427199,2678.705507779729,658.6304876335552,4.194512202756343,3.311366141146417,477.65381782329825
9,23.477000598013973,1392.9913843172865,807.1182500053243,4.0351435714411785,3.403378781894563,1500.0
1123,45.329630996438425,675.8373534887191,421.2617626687445,4.054010463067475,3.4210078307533722,239.10515334239344
816,49.43618452784009,3950.6010632169555,410.24113601607564,4.196765326187325,3.2413567365384672,606.9956197989634
208,53.92512381867534,873.5647449846566,549.862947112206,3.9694645307895144,3.388727733591193,1133.8082462563195
1155,24.91107558650834,3093.166527640341,540.4379482917896,4.182763781903072,3.3364235667442723,387.49335560709505
404,55.05776303501175,4701.311117253204,729.7986212471237,3.912851266535734,3.3621272637495667,940.5869933821416
152,45.71702254457013,4417.6944052108,439.30537772489754,4.033916067078959,3.246299502610907,1237.5965531553106
54,48.15784540554038,1605.4373316215274,896.5881956827083,3.9210010536399196,3.3167058701210634,1325.2642183107416
1144,56.42496014161216,4301.808596490947,72.33498060320709,4.118770422874093,3.4027629567880284,190.8594063923494
628,44.990450841730045,301.5627787663002,22.78770675101753,4.082522680764005,3.1989420877785113,822.5356765478143
587,33.434634285993404,383.13270518230894,583.3745141724689,4.111990279040279,3.402989450433792,869.2995645836203
104,53.004293256906394,3131.999870061465,282.6227228784515,4.012344119990405,3.2960084213945313,1249.9326050646944
254,34.52236848780362,2014.5516299792885,231.53650205554575,4.010844580209414,3.082950512185393,1199.9283727108407
1136,21.369124432821167,2116.3659534479916,294.4711904037668,3.9135957836882684,3.012342078612292,362.80767389740004
510,53.22618026260999,2952.873126190748,245.3218572923598,4.004983481858892,3.181376800199576,880.8115093727552
99,33.807685795251025,1201.3775412817447,47.09524370119411,4.178786520678618,3.27334816414817,1327.5399543098822
153,50.95338092805361,1295.2501481277482,874.949077303718,4.013767961154135,3.419910176101744,1204.952923218304
914,34.51031578663782,2577.627458988664,214.25602983844794,4.149410311866591,3.063742840070123,557.1816272637467
878,54.442720798988866,3844.9916584161565,665.9461910785895,4.1526976514249805,3.4001031738417895,475.6334386204043
338,28.78042100323835,3211.639431615662,691.0848273308743,4.01197234691377,3.4315045230336136,1154.0821986338092
822,58.981890607954796,1697.5687267131427,837.7465102463618,4.0895966041188565,3.075343743500417,538.7538292939346
1187,51.19035099152123,2322.5847342919296,46.88352224217438,3.9286114806819175,3.4257971596521095,202.12427600904346
957,24.569517036815874,1102.1243651849925,787.4025378333668,3.9311035742202827,3.495726783921396,547.9019417187436
161,42.63106479866242,650.760127384284,483.9590391390242,3.914597299098514,3.3634194155241186,1292.631529003724
801,59.414692489669385,3978.671391497501,576.6388167699286,4.074304528012533,3.392384840912494,514.3598145757284
398,38.84261810775257,1547.3208231845147,587.1338438665097,4.027821293287829,3.497207633779437,1030.780716641386
816,27.28428555286333,1135.5020229008665,741.4220683865602,4.064409706999272,3.3027406252629725,671.969765605628
1159,39.39113468601384,3550.604861175801,313.39844350001727,4.056321957152516,3.153943191008125,266.9958912495912
401,40.498306235276864,3204.8428691497743,665.0850470767942,4.005060897327219,3.4187654170380277,1000.1242556843924
640,49.66747776914662,3275.991242263281,485.14873655553345,4.103242024447042,3.3072428887558156,704.9896146510569
1057,47.95383412643618,1375.804642779084,718.186732588706,4.127550564274918,3.290597711860478,336.574860855403
688,36.10200174387922,1393.4340312446006,891.6805088377174,3.9043884776633027,3.126817777757019,743.8205155695908
460,28.72092429976346,1337.7723599925039,196.5728953153099,3.9621726899306635,3.3781671347914433,1059.5515542808082
955,45.80216671077318,1116.6371996127841,895.2908045727982,4.113970760425001,3.040833637930048,439.5383199814293
470,36.86815738213127,3381.9012610397845,99.03469576884112,4.015986051790151,3.4621435353973307,965.6294279395139
1046,25.291048445013217,4285.674660672186,22.039442156236202,4.098745184082483,3.1629117303852423,474.431553502987
750,56.02289204945543,3704.2921074803075,58.86250383649151,4.004088797920367,3.0638873263949953,602.9293925016773
38,47.648874304386176,4022.840078674553,320.7685161683503,4.017226545698891,3.2211832665512095,1345.245279922328
230,47.32735425781925,2202.552616700439,576.957570997022,3.9476036621069053,3.0212349546282664,1145.5485937556148
563,52.903355036466955,3374.156238248391,80.74599598130767,3.977469305899848,3.3423130971324833,870.6372608976467
438,41.18646714620324,1964.9103300904403,24.985916786019196,4.081623527252276,3.451352755222678,988.3033795142186
27,52.602177136098284,2769.871723252608,844.6401050437394,4.02994893339455,3.4186315035692543,1356.6777058671967
226,39.92363014044023,2563.683778713853,743.2954396271381,4.132290804883379,3.0636847367239404,1178.922938893129
798,22.687015996628404,1131.3695821761157,732.0811906023473,4.155775486481503,3.063135568553866,702.0052122883844
284,36.20992352110755,2119.270173577465,798.2933624417399,4.062493925465028,3.406717241162132,1202.197300160268
879,39.89859575919562,4829.96469476705,636.0301600394519,4.1274801876168175,3.462127137301558,574.4456399911345
960,48.808103265291834,1468.3272112602278,111.87563417831167,3.992071353958371,3.2303349149167446,430.1119257482065
453,24.263149205146973,928.877560513597,371.20816550487626,4.024491364620023,3.249485558456883,1043.0528361383247
1020,25.60074154641796,2267.3289216324956,656.371548088874,4.113833302865049,3.159131020692863,472.31557682877866
816,30.547352105384658,4014.587358542696,266.6943254965384,4.015863597845109,3.447132559128207,642.7410247679542
659,30.659935734835287,3036.0966799658695,624.917600439889,4.076551480547697,3.322451452646178,789.5633347230507
547,49.28738313836249,3500.5816880197494,41.55863447553407,3.9556118337247534,3.1441257885836844,850.0399679934078
1073,30.02922642246391,1191.565786420983,289.400859974042,4.079931394491149,3.149391435527126,412.6304923435216
17,45.32392253429791,3209.056507136291,503.23469592391194,4.1584541121680685,3.4456000365318014,1396.101963655356
1196,39.770954005530854,1820.4518560839267,576.2390499654932,4.1605918919470275,3.0068170119529105,223.40727021310045
158,42.931775127176024,4221.225819987407,527.7957847264815,4.117303321898862,3.1613632863633194,1257.453903866783
477,53.524278527131834,3257.70438825046,634.0255229446179,4.1237260137228375,3.2771783406081845,871.7377320648582
1070,36.17526006196097,1234.6245055438908,25.358098451058382,4.06737823354521,3.0741087310496624,359.57753843478906
518,50.83645508257082,603.6983952672049,108.82825598021891,4.075400427049748,3.046049377099795,886.1589733099894
99,36.881442382027494,500.37608364905384,784.6709420056477,3.9400951744231554,3.40763816554528,1344.0229340266774
1061,34.15485506244998,2045.6202679556616,619.9388067993419,4.03315775652639,3.4472021943242535,403.3748114534809
280,58.34508709252882,1549.5003422752734,119.37984556368994,4.035232885165909,3.4118032103990945,1069.989644814506
497,27.37483682715853,3336.623580273788,761.0255049107498,4.187549350700322,3.4493939448686737,993.8066335888678
302,23.613478423104315,2646.869024399506,233.16347168561887,4.029326058786987,3.276555985529186,1209.7452627649814
181,50.839437021419144,1550.2906066252895,440.86869809179666,4.064802793470827,3.406129060495171,1168.0703113538302
607,22.72998821416366,1001.4175563658277,147.77293133850105,4.059975419783731,3.1920213191955504,886.4277583604501
1123,53.48315962812117,897.8388846310131,644.8968496511019,4.091028515113298,3.3331339307395194,215.6279067568252
700,37.48773585428974,4363.903843059963,606.8318904925557,4.124469849399569,3.4944177656945823,749.670489064962
993,56.62054709167656,1444.346451502876,205.77897462619984,3.9675125628512617,3.1128638619195637,350.31507759805845
1140,48.86131444487623,3363.0400451815512,779.7926748341616,4.05861732572953,3.19494987314554,222.7727965003071
191,44.416186680318305,4110.223861535451,373.1493013133467,4.147775312194809,3.2400236886550426,1223.5210434311127
253,57.97227188231063,3186.1821625682596,277.4132801422528,4.038934414151253,3.069007743510026,1093.007769807529
981,35.865974922082174,4339.956588740645,154.0500387287912,3.983537263912072,3.0405193052325283,450.77080556360187
928,58.16347746158532,2144.2504911838305,254.22785101367296,4.09641272260689,3.4148614331608123,405.6260617994879
1185,25.400051096848276,4794.244296050057,39.383690676958956,4.147130218739737,3.4883971864137933,323.9425780169681
128,39.35019767729651,925.7815196370556,533.2665933613818,3.9189420878782175,3.2023625319148294,1283.081904531129
18,30.796448895687796,780.102789390429,761.1630567826742,4.133037145022168,3.0438249180973265,1464.34229081948
566,41.593711156327736,3395.8530871749845,503.1027955086448,4.146494379888532,3.032905880345288,857.0519163016326
570,26.480555115663385,4731.30636464233,212.96108649301064,4.038456878276582,3.4456591031801493,902.6132303116626
686,53.66118641240173,4101.752269690742,49.62887682820799,4.19499169704554,3.23190712486384,675.0900026379534
626,53.85631397258229,659.1592393588417,208.8727044677465,4.136012502212193,3.160013658281196,737.0314018702065
854,58.20945250893916,1613.028255493167,386.1868567025612,4.1320987694686995,3.2382306356196997,467.4327149325282
962,26.18688563532945,4672.498758737771,688.4580572558209,4.124351572323621,3.159152047346174,521.1198988260286
155,44.93330203619963,1489.3746341636875,185.3017102332412,3.945182430965482,3.24451788765381,1225.1650912003781
490,38.96949234801478,3971.5009917985203,653.4164789521237,3.965169265935903,3.4297781984589686,931.1725588774483
785,33.77534928176933,4178.121320864908,782.9014521496576,4.039197039439328,3.296150685531048,670.8816133824104
1128,34.06160644536875,2628.6248862666143,419.4732263353542,3.9792013049878396,3.347326886405088,315.80152459926984
246,36.51174202427009,2115.839876287083,742.8601526454821,4.0245722917002125,3.182335338117168,1166.7435319137717
1063,48.197021987558124,2415.58483237287,508.0984662708841,4.166539232976876,3.3692529392552593,307.2431295694768
759,43.931442330726185,1366.7340635172116,580.6399366311964,4.1472980675637805,3.333308542439686,637.996946210129
538,38.387260510445245,4480.137305805568,483.12504509761834,4.089011963543995,3.059780998876028,911.4004716404188
921,23.037336414784882,2417.9123866298623,427.5919907411807,4.157436118275331,3.2863214265577922,600.7086162216142
408,23.110613763158284,4447.559370143669,226.49502876274744,4.135131716705175,3.128371748154879,1118.1713527617087
525,20.09357562503113,796.7593555594882,286.8107723257205,4.028695479552267,3.4020478348167966,984.751743934865
828,58.707975528283455,4944.893773700617,275.17370467037597,3.9603195456149836,3.21296885423347,506.2911379401696
903,20.210152742335396,2383.3835109850056,515.6942592393569,4.054260312002802,3.4973420825982435,572.4883063082924
36,24.123749840549795,524.8048558522958,125.55924986102313,4.120868664758565,3.046250218969482,1476.9596587608708
685,32.583862272376436,478.7026867160381,826.7766878180549,4.030925879618878,3.390173931370079,789.2986421161338
20,52.297210072670445,3807.174110164641,654.1765278491397,4.100031572935169,3.336850866771078,1336.4814462794293
321,58.48395143056471,3397.4670107572997,373.2721552036104,3.928298227887313,3.3837494152953527,1017.4888390816121
512,51.60054235167424,4070.013623199661,159.58924718321262,4.124401420911421,3.153764897745228,824.6988027342277
400,47.62240929782563,795.227409578188,796.1531093550395,4.143814085967919,3.2460272446912004,970.8666137028754
654,40.85202669654278,467.1830750670772,744.9247192890253,4.112051356734162,3.3982542598618544,782.0488512859316
972,23.468208474487344,2690.3226604036186,655.1149663911178,4.19017907625791,3.1162706658104273,545.8840231983547
471,58.326831720157216,2121.6975879690167,258.96140172189325,4.147995617238192,3.113016598394326,854.1287511783186
1167,50.33569655782726,2471.150602353492,374.15304094162866,4.170928118362962,3.2755254766474664,222.54876355895792
1116,45.55797541337047,4960.4655216902875,110.41846215813256,4.180071325037295,3.2617817897649277,283.97608526914587
834,50.361433821553995,4862.52480105215,186.35478176022792,4.1404043975621425,3.1411312352064664,529.1084116137869
727,48.96413317092554,4728.882331464007,709.0546408387249,4.10227765260195,3.149037825262411,649.5227879333064
854,45.489263191579475,3984.060580808067,649.2340725886017,3.901715574408237,3.138922581603283,534.445330215872
51,59.22307200719953,1967.7543932073847,542.2674714188225,4.039747725966937,3.385756030999244,1254.2091209476318
575,56.134552505441,2237.0153722350265,808.2395188150322,4.071348689586708,3.32595043278123,794.460953590837
1149,45.866596764686534,2883.195405478945,533.2745356754799,3.9912090817343997,3.4162085917051264,235.3065275107155
150,47.72700845827699,4203.511945102748,430.93183996797745,3.9954313340710415,3.487736514157011,1219.717743422677
314,22.0638322663484,622.9503128358585,319.5262567490712,4.18834782471305,3.2370821481359933,1170.0938722579908
570,46.79669858200157,2294.195363658974,847.5946850478318,4.167513259560824,3.0333469407027245,768.2971497382097
305,21.766617508404007,688.3030182585628,92.78960614143108,4.154753701650511,3.0240461552060176,1225.1968498203598
682,43.53055027879724,2718.8906568955044,839.1808874135114,4.021803540511833,3.1478325196358097,741.219422346738
838,59.974139982633396,4524.8338728293065,747.5089007392961,3.9041095651226745,3.4662722946762257,510.9900717787272
1078,42.23226325748719,3977.6791454505083,134.33833359141715,3.9240666739367143,3.2616065274854376,332.85789738916037
1003,38.92840472325334,1370.8593624526168,517.1862347542232,3.993658910465281,3.1358932580400647,420.91812583786145
444,32.514194260223505,4887.156993114325,782.5622239391964,3.904722873898703,3.19958339725551,1008.2745664328196
613,24.820903151458577,3436.5468708182134,523.1920639742953,3.9051449345745595,3.2992975537023352,879.5643316459431
993,49.24094685833126,349.0101871677944,818.3358429733477,4.174980990492723,3.3264748290689212,408.1910727231474
264,27.703961111425215,1500.4433780205318,849.8257587981174,4.111847550635717,3.0769597548914525,1221.9498894682947
1077,24.611280849891376,1525.3525096236078,391.69837952218916,3.9926867970204456,3.488515838272588,432.5050116705712
1004,36.8705063892205,625.4952395435416,352.03602203756475,3.9397933732802857,3.2723861134913945,427.80733141468943
5,51.8136735183639,4811.184634956866,843.962615492858,4.053490715368524,3.06784415889614,1387.3485905325947
1127,49.80258192480882,2547.7998845068414,614.1232538117079,3.9016038482563093,3.446817626673067,210.89231278726112
774,22.195304585859,4510.328607647845,122.09995958638898,4.181524123157443,3.037319215539714,715.612993576344
877,38.205747401446246,1814.4128661897532,57.21673931595945,4.024444535816684,3.453867716588756,564.5654734774599
992,40.897383042846755,888.5977810342874,516.8735648775915,4.0207004865712,3.4982828281444913,463.5252998103849
884,45.78186602503288,2529.3797165592055,838.5504495858137,4.017178082274535,3.350215899578252,507.5886658796602
47,46.006694017729124,835.5961831572906,762.9388581171202,3.920798499116329,3.385223610536995,1331.1191137968076
867,34.58788997829224,2584.2728639944376,614.746016888616,4.091496671937548,3.1686514182337433,605.0738042117057
823,42.42708776014056,4625.396751731217,142.42194702415702,4.119901085888506,3.470788426366967,596.3385300395952
936,39.24247535376345,2747.6102666208,243.7236176988521,4.102837619276487,3.264856983054184,518.5918994710677
656,55.399934260931246,3197.5487164068923,790.4498793663022,3.9415306479988184,3.3661942232987774,666.1933070004569
269,41.21060530539601,1036.200653776899,180.8703682580724,4.0736520504106775,3.46205385795564,1174.1803431932385
370,37.64128646992646,505.55744163585655,265.0266792603824,4.070845345251676,3.487589987987754,1035.8244185150024
636,36.17941798727403,820.7974222450931,134.0485730519889,4.1605232363824145,3.416602178298337,802.3394671405325
1130,42.89711037733863,3113.0984057165188,614.9752436446818,4.0137382975126945,3.151508753491015,288.7701031697854
657,52.1590791760359,746.5549852638319,850.7044287196244,4.01144578309783,3.483273758276041,710.9248716838024
120,41.5360596152315,2067.1665827241636,256.69186780393966,4.085558117615456,3.314059765621786,1318.53154864349
831,46.46620700322166,2885.4321201533335,438.3578149080649,4.089921796049854,3.4653212381759797,525.1357646437071
1082,49.514230676261,2126.668153560281,578.2189709458597,4.040785568197737,3.338052512907176,298.2489962126757
741,40.806724395149274,1069.313866886917,899.530298429755,4.032917808699127,3.1536194809238602,703.9592186799325
117,37.072682266194576,1586.8191453163006,112.23109719786346,4.048244301191365,3.185012262071408,1323.822473210469
791,55.06661511449798,4663.0924043883115,458.74230356502403,4.1583135898509935,3.27523588855147,535.8201308321761
1151,36.70024336111568,3477.11669525587,358.90570551420006,4.038350070376173,3.395007420779941,310.64893109095465
1013,38.4777140230235,2631.424841795467,781.9217453956726,4.181979537590947,3.1589912756701675,406.64522448200853
1082,59.613652533671086,359.75998293839956,438.8516032902572,4.051201129078898,3.289865583067096,228.445277090387
634,20.009500943035384,4964.35238230051,117.66022163493032,4.184760207954268,3.1728124967882008,871.9497802271529
513,27.418916383068897,3455.8381940048234,578.2932478521936,4.149849570560723,3.4078847023175536,970.9317158256762
802,35.35855559678903,1789.5356435212411,698.2869440722142,4.008729396784749,3.2333640468839753,649.8684264235122
1120,57.303596377010116,4432.562701989839,22.535501465740843,4.159092426388985,3.0383614134264425,193.10001702088783
1142,22.80118822989884,1514.628615371545,775.881883170154,3.9330189852603343,3.0830262607407684,347.7211413159069
560,20.379417345139924,2856.8779221589325,183.70024000498574,4.177514152602905,3.0305523338098164,949.213255757056
488,22.107353439089145,3289.532589530178,505.8210408949725,4.089493054524867,3.2496514730071624,1007.3634598468215
897,23.541736424544727,1338.9978458325238,385.9018006049561,3.916317224556693,3.0531686486741134,611.026482408265
704,21.503870928250436,4898.467210362801,653.2953586172667,4.093277017095244,3.057069984654816,820.7050772867653
581,39.19125307426019,3816.5019581012884,346.62222101145284,4.192274296243427,3.4705241300191885,852.521210834031
790,43.23028828909311,2921.7221599020286,785.3915954799055,3.9209401963843886,3.4363275360880277,623.3551963294905
861,30.867478842760164,1148.7946114239141,662.8367976437354,4.066406312934026,3.226043298405683,643.0824400919714
247,35.93149535902542,553.1335728907228,589.9875905353709,4.124338304927812,3.492902660425103,1206.816195197416
1100,23.667973404457207,1804.2812128486223,720.6917240953118,4.143077576009859,3.0000932640853315,422.3394179354989
154,33.45481855313688,3839.9804787929934,683.5402707369764,4.024148239596239,3.306989728136697,1295.433592238776
997,40.900767665380926,1565.857102019518,51.62603393096694,3.9612499677504727,3.308214088685935,442.37628452632515
1110,49.29087228738581,2835.914236328874,367.36623138344873,3.912702683631715,3.228721527934944,259.2985880872045
697,20.13385448171917,3721.351730634493,839.1104216385111,4.0739178471291675,3.1984739864671465,835.559694143176
1093,38.6924306615061,807.3354588383825,130.63735671315908,4.035873321080283,3.2276915677403037,311.1105093288218
1071,31.880115058195287,3520.900675744605,668.6449643802051,4.184623318544913,3.2074802180398403,397.924107348786
1009,54.11287286767605,731.7931722372101,877.6407939750901,3.918181472314473,3.3652462387411495,325.92803095823297
94,48.62213260936968,4836.109787996884,65.93479355957504,4.105618603033802,3.067677717486642,1306.6100500428297
958,43.56434137883579,2595.452411305216,620.3306149514173,3.907489866636017,3.098819610295565,466.6958223457967
1012,31.090625827870944,1008.1777062364237,431.97564434490675,3.9514302530131626,3.0902591141962117,448.21432310946346
453,56.41356408230137,1909.2030893576684,529.6742247297555,4.03607369997685,3.1312352925606324,930.9236781609839
912,21.804027088812926,2243.0573116877285,95.10037610620587,4.03646173284086,3.262629209390792,598.2622986320658
218,24.378703947164606,3863.4695520597256,57.84611764290674,4.105710162880094,3.055604373669109,1252.8661022507265
474,35.66520562161424,3794.0917945600636,606.8426612848111,4.1730639104603275,3.4340846476632523,957.0916124846751
432,24.977502291874252,3176.1203750854556,744.5122982422317,4.0917096476744765,3.148680765654236,1047.2296680934717
341,58.256627902377,797.8743490249169,708.1734947410112,4.186060529355453,3.081268993734354,1000.3089025238401
551,51.919572885735334,1012.3760464620658,498.5490405222889,4.164484691963399,3.3378106547991218,789.6948750378743
357,30.35930606407255,740.6575270341161,107.8828025998368,4.075349938659238,3.0190431502996598,1105.4191893635123
23,43.542169158929816,3012.712081451485,625.4791105756922,4.150137585275648,3.309984282437082,1390.5801976160865
522,59.29322060320327,4422.550675103598,232.86221752764843,4.09277328309709,3.3490992153382497,809.3068148782196
1124,55.367959125260114,2338.8624075974276,821.7404584352976,3.923567349277118,3.1074582656933596,223.90732812686383
802,44.03193785768792,1055.986417601407,757.6735164002204,4.122169416977853,3.020982036721817,605.3603210924417
762,56.14895868701082,2922.798928200145,644.257011036904,3.9284725323802037,3.181822679459725,574.8452046147928
442,59.567396392534356,4115.235419268836,854.9844411313948,4.078224834170914,3.049297115120968,853.0879769240016
769,49.734112915744966,3786.0466891107712,47.651202929920174,4.1107920617574685,3.0582389248366684,599.3926710063823
1016,22.59945637931576,4442.8186644726,667.8563740534705,3.9199582824632566,3.1271306157224323,505.37771378972695
516,36.0632094570195,1606.1398570696788,310.6136458160367,3.9692383961779596,3.1477339623133798,925.9452529427144
1040,53.51302941132982,1211.5831761585418,817.3379794040014,4.174701669678495,3.2649851705107102,325.2646204059609
792,29.22276783220076,4435.137483927112,254.67417306254026,4.084894347669869,3.3391959427515063,675.1505002488065
336,53.22570071002498,3390.533470056708,657.873719397215,3.9738858056431594,3.2963854704350926,1042.7582180474337
258,24.813550481399837,1761.3659710355046,792.3293772926876,4.107203931344402,3.0741801686447583,1191.8058902435741
497,21.87781428591252,3789.035837690793,56.65800017676054,4.079032925988507,3.0860430162263133,1021.4397388289045
896,35.363624459649984,4131.056407057729,369.9298700409918,4.050472709975384,3.4393846248964572,579.1594846441757
160,21.469277497064546,3190.397729603322,690.831948179306,4.1928560924964255,3.279176157532057,1387.6075828355065
852,58.29081051933302,3533.055316435601,420.32862276667663,4.105036133222253,3.4349689164488444,476.90942401848537
690,53.04822783175864,2063.721550880532,255.18231421836387,4.012632332900374,3.185773255659937,643.2348977283491
380,52.030787485195006,2831.8696365122837,213.4287069644072,4.1400220296230605,3.307200003715662,1012.1755194208921
957,45.191116919846124,2763.5481024129626,135.73607488641255,4.165374987876357,3.261831708027305,441.00711206465814
691,28.65296092146214,4285.8246183146275,774.2740126735284,3.9375661678550493,3.1595617449102313,787.5558046072917
1192,40.73041466705568,4247.830707326259,526.3127548613693,3.96016589335358,3.2349576860167977,211.49083384716695
1067,43.89096289721364,4213.598205931103,87.21875159248127,3.964868102738334,3.251245438413466,313.5474358967667
285,41.00126003441073,351.84858703358924,356.67068474215915,4.107363542815962,3.100385487378339,1146.2709632064334
397,30.409334718061093,3822.863777003775,343.6056127084967,4.080911866515985,3.1575051861883656,1089.3507555048677
12,40.60991697258903,3865.779033521723,179.93048782432743,4.085697469409577,3.3957048752534877,1413.9812951730432
499,39.64745363474506,3488.3804674191665,403.2467104155278,4.1822319899068505,3.4578941197270634,912.4818161943979
754,59.85343103226897,3854.443892089827,312.2474415459601,4.132773459842192,3.1798970467726497,550.4328683364722
35,55.89744592184815,4257.260746034532,320.7872608331206,3.938381077353535,3.153486141104509,1281.8677972863613
727,38.5352299286248,2510.4995542783927,670.3433708534036,4.004252124727555,3.0975985822859413,694.1129468353165
849,44.91749531740474,2659.6360033957017,216.47177924457276,4.030618093852721,3.3392455843252904,531.295452117997
90,49.914864163689145,886.1560674835353,584.8367637927128,4.018788476624281,3.1615498508331688,1251.2394852757334
776,21.394606409352996,2111.2666503226005,522.1716690152227,4.100792582748564,3.493874769549594,755.053868200296
605,55.7968576491136,3323.8163455853864,519.9214108573233,4.167567930976969,3.1628424010319764,714.6344345247327
970,54.40507265671695,3967.8789478921904,603.4464646047628,3.9918154390568366,3.197068023391314,402.65309034502997
1022,38.297283910948295,1320.8827591486897,502.5761918521755,4.065563140926356,3.301667098106017,419.3950146475278
418,35.64679064321519,947.7676260484064,793.7445010648185,4.136822826574075,3.4008421465956524,1034.652870536292
115,30.9183749942526,3416.2974211523133,614.5104809162286,4.024865417653605,3.234759332672817,1388.7143059499388
617,39.067073133214734,308.83545256708004,501.3276612068216,3.9504354385197886,3.211328016894479,786.9485816526358
826,21.775066541329473,1138.3511462444503,750.1915458531275,4.042485289579124,3.4978189167974043,707.6001072143285
1099,54.08774133388031,436.63548761658257,553.4089771414622,3.9165667562229083,3.005246820569972,249.60844187016986
413,21.416894736741803,1084.3600539178933,276.20693805095755,4.182715036200683,3.447532644425623,1156.3369294488816
729,33.16205461479484,1152.2006156498746,202.24352799538266,3.922446361558492,3.0745704129698685,722.5738383032416
1021,57.26357953275959,2122.065895326853,154.04845138315733,4.031537014575173,3.3929626381044566,306.8359356136897
761,49.40850618093811,2190.937486026813,811.5205870405695,4.058964378326558,3.308965779923149,625.4681845924547
676,31.25563842310107,4409.033611868117,644.9191799822979,4.1955911496861855,3.170923642749046,788.5436372403218
457,30.105963758435404,2697.5156487444783,844.8930255846022,3.9498065470928583,3.4369374777605093,1002.3009219618256
920,20.203285592721038,3700.0023983777455,550.8967890291499,3.9343294555837076,3.006453613990496,584.578036357678
192,47.82857171399001,789.445582225351,436.59277571552303,3.902611844118763,3.1133453260374617,1223.021231197798
739,21.951343266926923,1359.5621506793611,72.5505102943826,3.9466714310607904,3.283446398124768,752.9740510273656
1123,41.30410077603048,3603.8341725997807,611.0452077605062,3.9621818937203,3.175771130024849,299.9412473274576
978,58.48487890368199,548.178614202082,532.3437085960434,4.089174282474928,3.3051887476591637,375.69928827411195
1009,24.378754402178156,2587.0090125456395,891.3838263571068,3.96591203711742,3.0120550967043336,516.1961276979619
96,55.779197238722695,3117.0341386157893,230.45972444837386,3.9061562444187974,3.0582294652408564,1238.0709657627579
663,59.65901340580193,3130.084527046661,487.0488726524155,4.147985503650747,3.0635481201092194,659.5812369584751
37,22.460681049569402,407.7842129597975,592.8424549039039,4.00967871030119,3.0946418229580046,1467.6927247318656
279,55.31625076549845,1813.9076198771718,587.2402337732624,4.006109005974221,3.2296657204002712,1038.7183709191902
217,40.643160817744665,3291.506059931024,513.9383177945945,3.990743708750378,3.3760643497717857,1215.5345435716788
867,56.2605487777832,1000.2987599014442,703.6966490879585,4.192611983143927,3.4527694189644507,477.46732902378017
873,42.852757676782964,3568.4535471418503,200.38346438359844,3.9510346251927846,3.417686265142123,566.5479132281228
62,46.484480404262584,3805.84848142427,658.5519362414859,4.169471419185971,3.098443935887842,1314.1134960326585
596,41.75115631989597,4915.255195096883,565.3664228611185,4.133040999641967,3.220575276115316,842.0181495728741
729,54.57971521229394,1286.2573758251242,808.5460983792245,3.922943986649794,3.0997057988792673,646.2861069442143
397,49.356396758148065,4178.114138030742,765.5311063495519,4.1960187304502545,3.1322359083335956,982.1594499454174
699,40.850412487216595,2745.393911517674,297.32939443664685,3.9814097890617033,3.251773490755943,678.3307061472436
1043,54.726432162061876,2055.2742018776153,263.0888459781347,3.9295748781067235,3.0340545123617613,298.1164860408048
177,29.81142129021338,875.1707594283363,883.8549249901541,4.148794270237728,3.1090871647966365,1334.6603160350155
396,26.29362638810104,3756.876350491427,483.99335920542575,4.11200266010331,3.4676890806535585,1103.472983489333
445,26.416004213202882,1408.5307159753293,817.6504482447044,4.08516564176337,3.2330581463292445,1061.7879730514233
76,33.360355149809514,2045.683408803315,164.21530092682434,3.94679425910968,3.222693262988936,1380.4148926182531
265,29.5476012520407,593.9484664176316,585.6806450241534,4.0435488348767885,3.0072835773756394,1207.793135542534
455,57.203614020389544,4066.4245043517394,732.6769648773159,4.134166808066165,3.1236998735291728,846.6350385240621
718,24.233363753143358,3902.9660626667237,853.7078196360732,3.991087181443152,3.4331462179910908,801.7279655753894
735,47.95962952158351,3747.9944011988687,316.85932409498065,3.9935069485545123,3.0823142141293345,671.7954764865299
851,27.568861591400236,1707.3844993118673,657.9834295331661,3.9009422718144364,3.2075624697673604,617.138446333665
144,55.26548531081401,1115.3563490499992,494.15544795486477,3.952273020493614,3.0071654529335006,1201.095471015764
885,58.4526115273963,3296.5003430100796,73.353454938492,4.16262168753655,3.2391677408352777,441.4621168159327
1093,38.61880035079935,2631.9820053321314,627.1997688318702,4.032523947491312,3.0105105533631087,347.309064125729
1123,55.162859209125266,1137.7865944518153,627.2849712493022,4.195270349770331,3.4098047765329,215.2984323241918
396,20.205806830188592,3523.7829739343592,838.9339882649526,4.018712389072138,3.4124268837435516,1146.597784312717
1049,52.797876696324,4958.294229560127,457.6349526286957,4.114555936434073,3.393871094151185,313.4371028408697
948,29.14500646099694,3811.932062387577,222.6208102252529,3.9845757128714188,3.141682034445559,480.2865065833214
891,56.34805237077472,3777.9360174223752,59.216164634837654,4.00914289234228,3.418618609110909,461.1141436499793
1175,20.04480445920438,4766.469938773781,385.765124283597,3.9572177962772686,3.271499066302635,369.7029974557938
1168,42.24726940159028,1253.8009276020402,285.6866960682016,4.004118710549818,3.1869040544335014,222.72241978674984
569,50.26543215139739,2958.08483513077,689.7577093010104,4.064171256126193,3.3126649798521166,812.8473779425045
1063,30.34753322791632,4904.339560659252,331.755633060121,4.197531864293775,3.006170523030187,446.86152725550255
109,27.725314583491723,1076.8823215598204,855.1826527570627,4.099260513921536,3.0714804388003762,1379.614754586106
1066,23.363928978719386,3591.1842093892487,866.8329786292502,3.959773786322494,3.3711467690851316,465.01293239299287
935,33.057343060131714,3053.3076860679394,566.3995593915831,3.9134884324774655,3.1220808043580766,515.870185294611
398,42.39377249235318,3056.4517332869227,837.2210525730969,3.9379069443943533,3.299004558664375,1014.6718517690911
634,24.633754271210307,3579.051949344353,689.5518231727561,4.068766560381914,3.1925513014115148,863.7388028854215
1157,35.06781447947195,4669.199537515716,501.23648405811105,4.12954809864503,3.4274028893996307,284.9185190756891
1187,20.362896186108998,3978.1351173012886,178.67098317204474,4.182125762190224,3.4762076529983217,333.2310781677935
733,52.74717681999367,563.839686056187,423.56619029217916,3.904746951599046,3.4417823641850953,595.6504802815452
235,25.137948723727654,4307.821693415843,513.5695277591035,4.056828042468561,3.1353099973467984,1257.6926536936958
658,31.333717930623266,1360.0442506509432,780.286191046809,4.041260206866953,3.0970814345230413,837.0875394554193
751,20.737108749528698,2071.4965742609484,443.5733713513851,4.096816506592711,3.2372174468103676,751.0406551153199
588,37.28963135570049,2470.1442239781964,809.9537119566019,4.067873656339603,3.00366707541809,829.2291777920314
1033,53.604860109648754,2560.2582035394275,613.4271015406526,4.106111745174744,3.012904696431591,325.1999468796513
1098,35.686048457807864,2345.347876500177,140.55917548723082,4.0974247754247575,3.2766453198115,350.79342057810555
954,27.179892936953337,4705.560482814562,895.5836050060818,3.935103517457384,3.260224702082643,542.649829696313
492,50.14795336202077,3618.2893360209155,483.9647414634431,4.139915374085616,3.49729099451763,879.9854617262033
913,51.55227927482977,3266.5020359965197,364.83530083998943,3.9369697727148973,3.1009209176818793,455.6758869150178
1198,26.95013901230267,534.2575305798252,600.0201127331833,4.109559187562741,3.1290519645802344,285.2316094659067
1192,50.83416434163959,4548.392652223761,115.8261163033144,4.024843610292182,3.0567703211631434,153.31325518580275
170,57.89191553025352,4574.133902439462,580.1540091429518,4.054155220372979,3.4587715048268723,1164.1125849825194
946,26.655103477290893,3967.001398121481,458.4476804393602,4.170989404312714,3.3889056222292253,560.2164225423949
795,50.83937170128542,333.03725792401,377.87318159875315,4.166965117942046,3.411169555728424,586.1042340206195
634,48.34288018410518,569.2171800648298,858.6576186374313,4.145356891696509,3.4513818939822545,714.4007565406883
29,38.94295553740354,1358.5514006619019,479.83495072420686,4.053044514136897,3.262449993362919,1406.323729579164
1189,22.316818422351933,917.3422182810615,212.82338193354582,4.12087194304015,3.225596595725362,306.5605173710969
339,22.98777671031416,2174.5293396075285,423.8878618520228,4.053869116655643,3.1651957368328083,1198.9043965528567
500,54.0965863679459,4636.328373012611,829.0609160239519,4.160881824742433,3.2946073071739277,861.0424638188381
511,59.60593491002588,2518.684040725892,174.9640147709233,4.02083274996987,3.2271391983949114,833.8960046524828
217,47.042090287470174,362.9923442311784,208.28219404564848,4.191070603324463,3.2257827933027876,1173.2129114509462
1156,37.83833228041286,1628.9047410201815,31.4660196262337,4.179696827468663,3.4684639318655694,278.4872386199862
1094,45.902945736076305,509.59606935291924,32.48724346827512,4.122480785835536,3.492015757139565,331.40216967268344
445,43.77583436914181,470.5518262834602,749.864631723491,3.9838247652528214,3.3982421946647903,980.5763160867913
876,35.34449041622487,1595.8833095490957,664.2678940218011,3.9394960766379774,3.3783790451234643,574.6347209638266
167,22.62504578296052,1595.3779917910435,332.4361296777233,4.1564110350279595,3.340279080889551,1340.8814425624494
91,52.86051789629764,3999.495032227539,634.513818360264,3.9495906858413883,3.083037426166757,1235.5539160078945
714,34.87334116954898,4881.722868071226,367.78121515277377,4.156278236699201,3.029552910437827,743.1246448497378
39,52.75142573428375,2044.673341282992,858.5491804780883,4.047229502013709,3.3453631575566316,1319.720791942187
1150,30.10034998753529,2315.7683306468816,871.0063596549106,4.021967035142431,3.364393111128288,335.57737100396906
173,20.041179193825336,4270.5103505443,365.6585227122222,4.170957233650329,3.02348649554907,1368.950480861569
653,26.357531331070263,1560.2533944489128,771.7152775799639,4.081155294762083,3.464025875114424,864.8707652455937
754,38.74157667074337,1034.9944806962053,700.3183566937703,4.072984202138915,3.045570319722339,684.0319748641713
1082,57.77214539831319,4309.521229997157,292.7999447111746,4.06762978338732,3.142950266885601,233.21206370586992
476,24.08774478774876,518.5527562683078,224.19504943297326,4.011350854805859,3.3361949063993523,985.5750050428935
456,54.16839097846264,3212.587368937254,423.2464923456938,4.135692931058738,3.0849362972022383,881.6640479005509
829,41.08096384847448,2941.3663830939918,707.5869797406775,3.975839533204732,3.027707944221122,617.2649507477289
895,53.03683063199586,1925.826103257963,864.947650561296,4.181668488012383,3.165573244582075,501.2856762260095
1025,31.934977239599704,1781.3907491575872,691.9495806025839,4.168195561514088,3.3829857874275895,435.567098766618
387,53.59788658689887,3927.73131305362,772.5821468161656,4.001244097702469,3.20683933949263,940.7913819798586
348,50.912911200672184,706.1956705839684,550.6965894300546,4.1188391309495,3.3264864609539697,1009.4671724965824
190,29.202147321257357,1412.8862537635114,755.1588911410707,4.071966958334878,3.2898095486140684,1311.7453798476706
505,25.253405056375122,3742.509039639022,710.2903550430075,4.00129479059977,3.0111092410127904,981.9127112475823
824,54.722172901291714,2877.106743514194,351.7472768951265,4.196556494398634,3.4942699935228534,539.1716144468917
929,58.529466137605276,901.5445801078561,505.7514658662346,3.907571203754479,3.020714044409694,406.7238353379343
934,21.25209254990065,4446.0373871256825,728.1827473509314,3.975793809186386,3.4839013688242426,598.9396024312377
1141,49.25080267894742,2149.20487884888,60.529926087161606,4.056022218333345,3.274932089182199,274.1062065842036
134,56.38098043791273,4190.981364014213,731.1097684731303,4.05658590104357,3.4815795135325334,1220.890727321123
58,54.29440368369995,4002.251172980231,176.54154916314062,4.076679922483669,3.0573767997069177,1298.4663071142588
685,58.580818890808345,3234.7995984171216,472.9215830668663,4.125502851606876,3.2452042595927564,685.6633768621366
672,50.40376313752389,2624.061317086937,731.282386809225,4.087043349155789,3.0847520459330293,707.9722263448817
173,37.69195049523641,4903.888949794257,243.36254877789148,4.080084438158411,3.025487438511221,1247.681297577186
815,32.478079619805214,981.3358401851401,236.31054658941466,3.916054338873913,3.308764557531156,661.3589076963636
1173,32.8297096175251,3708.2319194902393,374.4326706467817,4.01295908633679,3.1038917104808457,296.8005627550339
80,48.97690690456468,1198.5962968845083,807.2856618683184,3.969616721910347,3.293848509143773,1293.9574186317648
886,49.833480481238574,1889.8365950620373,20.389647664742938,3.9796110334805928,3.056182240974493,479.48087654448165
203,28.014365741948506,1750.8840938540177,813.2171250449028,4.066301242302104,3.1659932357163516,1275.9629815439594
764,54.72491253962124,4751.069142371998,155.35018168461485,3.9598515944788826,3.3908162790266236,576.7376501518586
47,48.596961608089906,4846.574035604894,891.2760109393843,3.9881847303050693,3.2185257609210938,1329.6999955852928
1167,42.5100114537353,1160.1725879032176,860.265353873852,3.971125412555202,3.313872707448668,228.59401068648626
656,38.86129840410051,403.56525339826965,455.31416684032934,4.184550882965459,3.323728970372773,782.4166017426937
471,41.72931223159833,3684.0377864166317,471.19381807511274,4.183399719651328,3.421877521993647,951.5774651211848
971,26.36982953117058,2264.5526891912764,443.76341944275174,4.082982467578816,3.1624613972033204,529.0548878887365
1036,28.148049971050966,717.5491519115526,579.1904081803799,4.17735674061957,3.3436477812912586,447.0123633560121
736,23.646579616247667,3513.6442962121,99.83509796673931,4.135743793640512,3.480807903523083,767.2138367982604
784,26.146321526444506,2861.9959828252886,48.70379454057853,4.076984364840543,3.365121667178934,739.1085083208477
968,38.147745384211305,4908.429063405199,70.778577005991,3.9019305634490387,3.244935238358872,467.60939081569956
358,41.21417574913025,1368.824630548481,411.04150733253266,4.131754885823821,3.3153587222459646,1086.2044581754583
972,20.714475699132777,2198.6960187347768,262.4821865131454,4.110746502476541,3.3698414488815542,529.4993018410098
668,51.8719131145611,2849.965275958488,567.3948148864745,4.084576095984724,3.306137882846936,709.423991111222
373,31.766718933739114,4020.989945730753,893.3492146498055,4.1281272935047415,3.0083379067449196,1078.4723445981042
1032,56.473441398396446,2879.541686584276,359.96439230729,4.053876649432429,3.097386748843613,299.50975444215106
1146,58.70045054455111,3180.6307560511614,524.9803036119717,4.1112249813964015,3.405234108607733,177.25963047869342
676,27.418354987066174,1362.8911424727216,385.73142839845525,4.180551626017948,3.1363253236562425,802.4162456925936
90,38.483891630626424,4280.518022016231,765.5990675952362,4.0127415047538255,3.365781059780567,1333.1884487172308
698,20.049273406657036,2314.563570761236,813.9680350467695,4.112436550470187,3.1860601076208495,851.0991347645261
540,43.933090604897075,962.5102493523156,792.0729387406288,4.042706345403287,3.2609421640789718,866.2427704378674
732,44.29225793050685,3421.6831981754617,877.4475700377467,4.102319895544195,3.0339866499097017,676.039818131658
869,29.901598224135007,1315.6251299709452,44.21688292356546,4.128868000666309,3.0906127805248547,597.348809608296
41,42.336506903327916,758.5437981247087,759.0382226880673,3.9136357501307386,3.4785984817596174,1389.4562515577225
740,29.02160569774942,4351.33846950008,681.5595122744021,4.093980133184599,3.445069026723457,746.9930970760313
502,26.433018763127603,2462.7626430956666,221.25108027232102,3.9680223553220832,3.326137555449525,984.6563332973673
959,46.06077867209059,3821.6334496701493,861.5616821810243,4.1010097613422705,3.2298222986928686,404.0104287870142
1169,33.03701855808299,1665.7615310898689,150.396576842352,4.040499055780144,3.337880646447612,295.14083637762246
929,43.6105575554249,3998.7596341130316,618.0039358778394,4.132065822559467,3.3093051445469697,489.4608026735847
461,37.329869958866226,826.0988570011925,217.903390798003,3.937020244561679,3.284276127802306,957.773693439202
732,59.37405629611616,1973.0748568358079,399.6149709211857,4.087896705496859,3.029588535931771,590.2218261454359
752,25.98322570670263,4896.890544475584,652.8607093112207,3.9835412186782655,3.3164013053307535,753.8270814957059
925,38.5839438654324,4031.7516669296288,515.7256849890811,4.155894598599177,3.3844600222855843,475.66171953040265
909,47.218265054373006,2637.1028724790344,396.2016115687383,4.178515051690892,3.4970408273227878,466.9316310599372
390,35.821803355198746,1896.9541163408599,307.17781922014876,4.198919488103717,3.0055392762971547,1063.4291620565343
883,58.9879940748276,4399.03779010564,758.9004970237355,4.138802220728185,3.3650867266553384,469.1603984028942
256,48.8755051170774,2860.7844676972236,146.55662827703605,4.126120221128401,3.28589465796799,1168.3380706600362
709,46.27935430257972,3864.597583984822,398.49053134622403,3.964650227660265,3.217026088040478,723.7763238544433
450,50.28237070444894,3844.306097485971,815.3066631621251,4.000802117697033,3.0637850872856855,926.4635361240755
10,58.10594552154868,384.3446892719116,764.3476044047716,4.039704762528684,3.204542574317438,1314.7857347626177
824,56.31274611938561,893.3927791252833,372.82875097628107,4.1320143143346755,3.1771885914930675,537.8987147584896
798,48.97141232505648,3400.2580220552886,691.5353599691513,4.174489759523391,3.151414944489371,571.2710799002444
877,49.96646556405132,1059.6131130435956,744.3815310237961,3.9567417300068954,3.365439811661104,482.92576648083036
1029,25.83688296140582,1500.818719881342,802.2209331231942,4.176710245401031,3.350362760642132,460.7102641456689
1143,24.111696179706627,4749.198384738153,499.1650767633206,4.108687395706218,3.2945100454904557,352.8280530979247
1016,42.83618007376657,2932.8566143620856,199.92557972814637,4.083231219205512,3.469332406646686,403.07171209248463
374,20.7347054776216,3828.4286828969316,244.67198732345986,3.9599523813845816,3.1749271920904274,1135.278440169205
1089,39.29425526206366,2922.5094722784074,280.2113131566117,3.916657509842745,3.1219009688550896,341.231164835638
146,28.413983196754742,2896.8139894788083,542.5461831124617,4.070539469552382,3.3279516565491996,1368.8291530443328
224,33.840662705793584,742.5139775907801,48.87246923317542,4.095454704998668,3.0994070304687016,1234.2395007525129
177,51.032189431718244,1915.2170052627844,579.7173725263721,3.9632344348064064,3.1575052535917125,1223.1738986038445
853,57.64950016929546,1627.4252238266051,340.63172981684414,4.066936861747637,3.1123012200374425,507.79363117484166
63,22.89665088585366,2136.4233183839824,279.8127861908851,4.156948020828772,3.034576783859251,1459.3575503047443
827,41.36968823905781,4052.217684654343,793.9569822407512,4.150519783636506,3.4137493708178366,584.0685030059406
795,55.301339432784,2048.083539209265,424.80210811110305,4.1782065541758895,3.1272702714608305,574.3034623830621
689,23.300341377616853,2422.9750503889086,103.64668006876965,4.0097657428670646,3.2365137516715103,814.4987947391543
105,52.980561875873356,2167.6925352809876,747.5371558630974,3.9954148717652758,3.021657636627156,1255.056997520094
1123,34.312054037130856,739.0174682838893,61.92430654412581,4.124827801794242,3.3496697331263214,337.0437032976576
511,32.883788088773414,2373.0391437786834,659.5393172680131,4.029333721529102,3.1652805011531453,949.4737101082633
385,59.09865545259143,1219.3635833092208,701.0374751581853,3.9262645992083343,3.372368363914605,930.1013683688321
405,28.034363594491765,1177.599490133295,330.2902932173952,3.98484033920115,3.2062015302339333,1049.2862037278837
823,47.72775763290724,741.9696908410519,745.8133135244523,4.025574685659446,3.0978778032028123,582.5438704419734
518,52.857629120394655,1976.3535784662943,473.78027715367904,3.9877549276428756,3.256587541141018,854.118696934154
476,21.647339811170866,3860.1648585102616,427.6984148800612,3.9996616712841964,3.06525227981872,1006.3510810942188
709,46.815418334176485,1599.2759457419616,59.95488769244944,3.9881327718523174,3.2202695799364975,666.9871613383805
771,58.061998974213076,1768.0407788619139,275.2256904110372,3.9124497501549236,3.158652738710243,567.2713137144024
1047,24.968798669122375,3320.5708910603907,839.2887743790639,4.091128410247332,3.4559797920998165,462.0074537255995
997,55.848852107401534,1220.4518191585187,364.80508768948,4.079187726106041,3.03046436086036,318.38666628365047
677,43.79106549507745,4515.702272990611,501.0964580899561,4.096015049543604,3.347008707052871,727.2598991937643
714,44.66418327449896,2744.895459282306,488.1790775061416,3.9576929688100884,3.091375582993718,698.4721755325845
83,44.51776699462424,2403.7338195050197,539.5793590439702,3.9886963624837457,3.15952253716612,1312.3809289888932
1169,31.953435453492553,2921.754902067247,73.9712409660887,4.085884778083477,3.207757031531033,301.3494157012251
1109,57.40807261197838,1080.3612730561185,338.7151042228809,4.079888270537976,3.454007544687487,219.20859929921855
1102,57.89401850524155,3183.3237516041286,656.3528810166476,4.051899092806281,3.1212891330369126,251.7138345077827
457,45.01218640855791,2006.573462179849,196.49302094422498,4.005123975003059,3.045654401272335,926.953353679885
1,51.33690903766458,4516.775802533709,199.14897224079718,4.173879301432407,3.1593448019952617,1344.4738900297893
51,44.49031943524632,1093.6147713851249,28.87973388634176,4.001931072689653,3.0523379852677666,1352.1269401049994
685,39.375937902961624,2683.140188167573,404.98409541522454,4.036685746931176,3.0642982429802763,714.449791039422
717,46.43280473197002,3111.1293580343845,796.8062549926113,4.1034341492862625,3.2869252989875135,633.733752578894
449,42.12005810367834,456.90292839599175,65.67283035683192,4.062906429260029,3.0304509665497465,987.0744154426885
881,43.8990345052772,2009.3576863538592,188.18446435648232,4.004065792909316,3.015465440696783,504.82033784239763
488,51.35330213675448,3743.385603093914,292.87439374162443,4.030693437136953,3.3572070507352487,853.5604576645513
34,39.236153257959394,4155.774285010175,663.9177681765074,4.138344245356052,3.1808235474205224,1378.584058171211
95,21.63016424369891,1771.8613756412271,583.7593216662762,3.9834387466459837,3.0626876746169365,1404.7161661532896
1096,26.55997923957989,4053.388380198931,386.0306360320324,3.9426765719330445,3.126806385429854,393.3578745788297
154,37.54428865958154,4848.4526223859275,687.9806665473707,3.9939489605489333,3.3210432536761996,1261.408822028373
250,48.99306239496234,4327.307499552942,556.4752902580736,4.154860264646371,3.1377682835704257,1139.9984108703115
674,43.731145932407145,852.9267443488284,808.5159036983528,3.9266969144569037,3.247260562560204,745.2689529611187
438,46.01176743493816,3776.732560802041,739.8635392420498,4.197508822011736,3.060847653363336,931.4413338129986
118,39.17115714305149,1802.4341124705602,242.4759733584965,4.062300869678299,3.2940468188027237,1298.7822818257748
771,44.62968087768971,4945.55515023676,258.8659483180962,4.195453723190129,3.158038841921632,620.3904508107797
268,33.16069751258649,2581.1872208514696,130.31369869729934,4.181698926625794,3.3134842172643584,1187.896365209741
1078,38.8073037078666,875.4393222870228,316.5289586313617,4.035844114263275,3.4041974411520113,374.61715180034065
236,49.771162623798226,3708.3720757287365,899.598648472803,3.9595473223816047,3.305823209694996,1162.950455181061
389,54.87331115892485,1818.152632415205,377.06102838125366,3.9494654329695416,3.1478737812975104,1011.6107919286915
990,37.346213358255554,4986.26733828381,214.02982252641362,3.9719968091609874,3.12787185077415,402.88145462563864
763,21.746466308294448,4904.977551916253,690.9849383384867,4.113039792169361,3.163710479366724,734.7817539954951
401,26.466901765872105,3383.829884696729,497.37448304713735,3.981884998419446,3.0823102566182525,1127.945674792139
624,20.834445571661526,910.1843100730727,151.64927558371824,4.00242758088129,3.09058592542501,860.8137657861556
767,46.1305207694932,3528.2466890726364,355.00691942156186,4.0346336411983845,3.395345550950084,663.1726974359481
919,33.292585014204356,737.243286362128,384.7333496746221,4.173969804126437,3.1923662882537225,542.4841003918431
853,41.6991454287747,438.0115477812439,683.3701365009124,3.956818025365454,3.217997590285293,567.1869283165773
578,39.73107387135198,4167.904697240985,38.19080462487592,3.901507965782941,3.2970247327834055,822.7486709208506
75,23.26105958209707,1285.8388541133024,256.7372891825132,3.918028923113451,3.2948267475757738,1424.6714376894288
435,36.13045444495327,2081.4274932297576,475.4847451576594,4.171429902504036,3.033688435760963,1044.2952549694317
103,28.82244499689293,4875.249732888014,256.58513335850216,4.094254939453009,3.415770393168833,1376.9341123107108
764,36.73599154670611,1883.1503587471852,573.021961728719,3.981912185798342,3.0886632766119697,668.4300617022654
738,28.143131213689706,1693.5019720315818,444.0433817616626,3.9531577503033573,3.3615358180248345,754.3987278591362
806,53.61809625107734,4615.577598227043,338.30502427643097,3.988280020991134,3.3863354940640833,547.0651667385602
98,26.967733463130145,820.5176929991031,855.3035916460508,3.934439078175384,3.3574497670456567,1399.064355680478
798,58.431222059479076,3870.037327538769,576.3003592840826,4.182459873085333,3.2894888232770727,517.8490630594063
859,36.63629464587763,4943.908163268038,134.34840759578827,4.13526185230958,3.0073044985544413,581.2754737984498
435,53.849811680761974,4536.0912506408495,512.880693750188,4.038717353073762,3.1801877461815855,907.9294162873758
447,45.150592728237804,3362.839217920202,707.0440308167929,4.159488781534561,3.3024197146812906,916.1677035449175
249,49.414011946630104,1776.0857364658402,643.4709337936616,3.9748374612879696,3.1937256479612692,1138.5690960118031
166,50.70895552267121,1495.3133115380886,171.43852177982825,4.115136170541658,3.4317399474564065,1180.7797655555328
984,40.19379527572071,4150.498992895868,875.729599155291,4.156839749704123,3.1544011376748076,436.7362050193144
1020,41.73202093453153,4435.162995572968,414.95600825701325,4.0070306134869815,3.1467673962293303,414.8612602439006
542,40.559834712349,2769.5440889647566,159.94200329142993,4.127239333635216,3.1329988465463288,850.2445573074465
759,43.52233512360317,1448.3977216963908,178.57226363277016,3.9885217047792927,3.1663904344803977,660.4820063209762
1130,21.17577783026029,830.8330795325157,106.44679312639083,3.9896571405777093,3.278702482157094,383.1248417093253
81,35.82060679396061,709.7434988096065,727.0959354227422,3.9321171535662556,3.3535076471362952,1345.5664980116558
133,44.247548542446864,3679.6640025631214,127.3868350032268,4.032017413952819,3.3312839588693928,1311.220723065487
797,43.908942610234575,2274.5580208843076,130.1102262847373,4.118913571949227,3.4038589099907397,608.4441610337304
900,51.718243784225265,4555.191409105991,768.4150209895371,4.182066241671386,3.4429569977487127,455.04692328733887
138,46.200373553284344,3776.455113415789,323.2515943138525,4.0811390975787285,3.4080395211716756,1240.3938737862502
184,59.685332653626894,1198.9239641985575,47.15495579110375,4.158940661320722,3.0094727016871774,1160.1965861005995
785,31.3541811443458,3184.7538684337856,65.66786357620157,4.1467483947870685,3.3679589767759945,670.9879697490028
984,34.366041186649255,2346.875635671349,145.1099930994281,3.9520029158925842,3.1041997868091658,484.30015603757425
69,35.35388607471185,3013.0737346124815,207.7861462186068,4.045745228673789,3.0664640213539913,1379.1809730039774
546,38.63251228080994,3768.9248796910306,605.3286509297967,3.9350770606576173,3.319244392399568,908.1611998846273
53,53.43992255124838,4089.120640717817,158.44712640160884,4.104645948468491,3.1598715977038476,1283.9495982941003
205,29.431683758368393,4265.565434111604,124.60946423582335,4.184969900473823,3.0285585816852216,1254.780316426238
126,51.04000828141718,1493.6819104885162,692.9528444991257,3.941126837423627,3.0688148671991806,1238.1798523123127
43,36.21240732342974,446.2433196115811,610.5286497967247,4.120164939240762,3.0004647084349805,1396.9766334323558
111,44.074215346480344,3774.685255274434,403.0853148806078,4.089671445260358,3.4516118136723537,1286.537782693658
761,45.301621329052246,799.8155134021406,503.3925989024915,4.07508151110243,3.0123089919206194,690.1207014632691
848,34.91394548755738,1780.122066480948,294.5459378872483,4.017036070406502,3.1047278847547557,643.6952126492513
95,40.504608208232206,317.94053038443155,444.6003698071174,4.006539494326144,3.2081313903439534,1333.45806045526
900,36.52124698590788,3503.846567287614,465.87193110481627,3.9135747567056662,3.1782856629754095,550.7332065514698
360,22.76531144746478,1085.5204539147398,360.7687986367244,3.965372612475604,3.455862938456388,1146.4447991610846
900,37.48661555267306,3379.8273255507934,817.7835453915033,3.904553064686048,3.020144472867271,516.5704115662721
281,23.895735702142087,4961.190300688842,34.13444118328541,4.074425131674606,3.2561073538385257,1220.8798766781847
667,36.20083196321286,641.5530965670765,708.3107115202966,3.9317559707633727,3.340239731262187,792.4181952131768
93,43.71673599327127,662.2666561718652,129.4568914923654,4.161905818208915,3.4658489868405846,1339.5288552650038
672,43.176595973740035,1899.786435533372,721.8416772727355,4.05694290620915,3.3101856260618607,757.0311885417539
61,46.50485116033281,4372.016616981307,562.0024857955146,4.109906972717613,3.4018776180058814,1301.2802583352516
634,23.81046031818505,1312.9903833192598,762.0847200240341,4.023257127552149,3.041862468922674,866.1631448460005
1075,46.084929821217514,1993.7757536726335,105.81260656398976,4.068173942700315,3.1929697554684635,290.1979995965926
1029,32.48592226785789,621.9754111468039,511.90295800780115,4.182797753089989,3.1869735672395336,456.94725980876495
604,35.96183784548444,3886.82986891678,460.95733463073344,3.924820211887101,3.443144108227859,832.9431228765712
682,54.31945015690823,2219.03981096942,641.4500010077556,3.976181331577109,3.0756855856316374,670.4605469028381
534,20.36121616518201,3868.469045385961,490.17568566643473,4.133996498073164,3.0759430861683152,998.79492453419
838,43.53650533362422,4546.956868429937,495.8464190771317,3.9296211620648,3.164279074942899,624.6402717281169
645,43.948559204004304,1393.9867913760572,398.0444303469369,3.922698331171233,3.0272330236834186,765.622702775769
233,35.866391053742475,4094.761342597771,291.77429312645995,4.008462419626212,3.091229020326245,1207.9026239751627
524,29.481114284333447,577.7412833677904,444.3926379019291,3.9276503875417297,3.4826048192728676,928.77358615426
346,29.386961530462045,4524.582724447163,124.27327571619252,4.075523532661861,3.2140919699335866,1161.237981317752
1070,55.348386786430105,3358.6121735261127,866.1317383051146,3.96788257524498,3.316009604211218,274.625336781908
546,37.6809749513143,4408.865603450252,648.6814719914065,4.168709388959812,3.3630556296723184,923.7379745419825
1102,33.23557451956688,300.8854779159349,858.1710626853052,4.1350500242535775,3.1834807035036,378.9343896611401
1097,37.951102953256125,1094.681030673165,219.52009645036767,4.109911561829843,3.0736135372052584,328.9853631815499
794,46.77561605837445,2131.869120904513,793.8200977553447,4.085083208215351,3.1032905081108906,569.2763960910097
249,25.830262729790068,2083.6636458611774,731.7351864159139,4.159039719102439,3.156633238290305,1252.3000686951218
47,37.977353408549504,1365.6327997405,615.8941229627528,3.966918618462827,3.318034210176113,1375.8151623818203
1145,43.515374844415476,2093.5761173758406,570.0256837549811,4.161932652829268,3.1991402745445274,263.2100426270487
214,57.94333419405735,905.5889464011977,298.5637054357256,4.136847689527216,3.003407348950064,1142.2643211668
239,30.10111128301677,2239.9773075503226,738.441490769227,4.124448247916305,3.261703592533736,1202.4228012724195
1080,34.37002991664983,4071.0653470485418,461.33360610216573,4.068376703422477,3.460756695953709,378.4421272981151
350,35.17434359689695,2551.6292965857506,82.38458678433112,3.97387324829118,3.4060388055043394,1114.32020583323
107,44.221526305795315,384.60041804251046,295.3195815525144,4.027064374797569,3.4126056856298157,1313.0545797061448
831,34.26928212160007,2280.786995422463,843.0614467198883,4.138071196361641,3.3975290088030654,595.3827459682511
48,41.34047701198782,427.72257562696757,768.5986293322647,3.9095335453071973,3.161865412805212,1378.6843443355401
337,51.27161319380117,4841.344030321951,884.0770143073545,4.1346152307791275,3.382596916877196,1055.712665669128
1050,48.21542376448814,899.0336092874842,572.6341766916063,3.97202122214627,3.0715806789055966,340.78755714556075
804,37.85474586050342,3626.135133753908,237.80886436356252,3.943292760216481,3.328858073637977,629.4123865753122
8,54.56864710696676,4872.048717592804,163.2772437156401,3.9347103954540907,3.320784283342497,1366.949023276635
625,42.32560998375452,4182.3835428328875,184.48470773544622,3.9081750035852445,3.0127848995448674,774.4855738724508
719,41.5962335800885,3586.7822630931573,37.42017934558386,4.057075945566436,3.393985066795466,667.4221739354921
303,21.367510637566326,4245.466274653605,363.8002576676265,3.965477961808119,3.451624052547565,1211.1504905135498
639,59.46771921428646,4914.45385832495,188.4563588395974,4.19682952973389,3.1337076392360537,699.3623077626477
56,24.91883234118507,3220.3191370915893,382.25680520189815,4.0723310267616615,3.4061953620930754,1465.1845735228032
726,29.245236497105864,2928.1685920978343,842.7951000181135,3.941365580806803,3.041202985930974,763.3838689978294
526,22.06787348966108,3252.7191191774223,398.8753843663272,4.1066287622434094,3.299983929130533,1005.3770539261917
474,45.600118673476544,2803.5766677793085,792.6263573466547,4.169323069952918,3.2428234326671386,943.9056352346964
28,28.9880470789072,3284.9187977756783,552.8441946219713,4.123553848610884,3.2729617666545,1445.2722244795016
78,27.20041749890894,2414.2583774710283,237.4757681020249,3.922931958311834,3.4631026009421726,1408.0391264673035
365,23.542223368929655,1326.6829595515435,333.152188148106,4.168765254357798,3.4356576236234266,1168.0322390183492
666,24.132358284960628,865.1619646048755,93.84919152285788,4.13817881575799,3.3925418286198785,814.1350680905831
526,43.38682801770355,621.2023970016239,313.44708236448923,3.947491170031684,3.1368492288391856,890.6485171419281
699,47.528314634663815,1537.5841836400405,616.23603204311,3.915535766619845,3.455909314343046,674.0242502483404
883,35.89515953857604,516.780752377949,83.45776177790296,4.067193172594292,3.0487538462319375,584.5294343717392
1031,39.19588326368293,2965.7026656211124,200.75323946066584,3.946810743401993,3.4266646082793937,397.66187407008255
1027,47.43870943931937,1633.9937010105452,355.6681164437141,4.150377285778582,3.164080036176804,360.95833151096565
919,20.695191607419186,4175.313598009051,884.203592574047,4.007500397001502,3.026886155830992,637.1016397108378
750,32.92522628281114,648.9321030454163,710.6784042038146,4.173867733420972,3.334678492120374,688.8530129969714
363,58.923909922813856,1363.8520234049838,665.4683369130514,4.069706451642301,3.1156399641579777,971.6968398503028
806,43.20448918781872,3732.1568913236856,122.24804174239246,3.9548017152719006,3.121785562932316,599.37503143895
739,30.16898319589973,3114.3989930024095,707.2763863811924,3.94187966020794,3.153023583114386,745.803310341362
1039,40.869201865448524,603.1089748710874,711.0365541340933,4.072941731267326,3.0318423837512585,420.24060640653624
485,33.706139524836615,4423.025448662342,548.9703721494088,4.128565083558733,3.088563572099127,959.3644721773132
28,41.289799553051964,4423.130285283044,891.5183681585672,4.134451694322655,3.00256981379278,1366.6030479876595
714,25.029660472265952,1852.917618216137,306.22343721360573,3.9827272213323845,3.2227047605528933,769.6651491250301
1063,25.308586152771095,1899.9074637429542,848.3197544528294,3.96127402767365,3.0421276887089856,430.80070759172617
86,25.741694481575713,4948.433284245817,824.9633811617232,3.9050268913477146,3.3413263025220994,1411.5761442661878
126,57.59279167707367,3243.0280064877497,30.1029805794525,4.1037597453603505,3.117811425595824,1213.3266175303631
812,49.31595673365367,2797.1876466698777,416.10254329783373,3.9229704775300616,3.4717870720175887,602.4734353552402
537,26.495275786492837,4239.315262694045,879.8517250853845,4.026228360529778,3.4356258136993265,988.0204019606326
145,27.533963350624056,1640.8645902793871,110.7467989191067,4.080504649205489,3.144720447484104,1368.3891130282188
25,49.23317899483506,2317.1581889628774,502.0505310573211,4.181132683475903,3.3916077273283394,1404.1228777581716
67,26.246553791686956,1558.5503747951707,881.4826061961716,3.9935406410867307,3.4016224523324032,1443.249200174818
233,29.382451733393147,4009.055978967038,508.83597321315693,3.974931648733956,3.4932815570572053,1267.254843003287
109,58.53387331281596,2994.7419244855246,187.03746661549727,4.0962480462858295,3.2989199934228424,1239.4260438737954
1170,30.212260989137274,3396.4778296583313,532.321242481479,4.085771709616075,3.040982867321831,316.7568013301894
111,46.46529401484587,1485.8440742452108,199.90770507560123,3.9996329349924373,3.3234186144631903,1289.5614604094276
228,59.14525149602122,1335.058916473381,477.33975134714615,4.178430550652936,3.3124898741880178,1093.3366016215875
111,34.97187068559171,2595.3607562198117,85.15715176286623,4.15345869824689,3.3191752887102157,1314.2050816152841
34,20.70063963448249,3766.559020736286,552.824748908676,3.967194763759524,3.1535728240521057,1484.8837224483455
623,29.76589161689497,2768.626860344753,474.7751464327792,3.971742763630357,3.4298397925401662,864.4860159089665
748,53.23508765366822,453.4346844646425,671.3420045100876,4.053690104066124,3.479736091477706,612.2697997511387
595,54.58435343820147,4382.192079705357,575.0164146197308,4.132071630519216,3.1088562564890756,735.7715189266075
425,50.74077458095165,604.0283995211184,503.65351630706584,3.9132121138165394,3.044076079068322,942.9784660955742
613,24.52439276306292,4792.375073487536,627.0053873383466,4.108000546120412,3.097267516584242,885.0179800130226
692,51.82041486785613,418.1672039031818,146.66888394356315,4.094470769214629,3.4102760696278596,672.6508328213438
315,56.747111879740174,3563.917143814331,543.9165019075716,3.9694440287738963,3.338322317409924,1036.0827475798324
877,44.02438170184944,686.3731994453738,171.45733048404435,4.104405903972404,3.318023671169563,542.0032522289589
662,57.63501425352259,4580.179923345156,834.4595429096552,4.182054957375625,3.2008965675547123,664.8238997128959
277,53.0735553484751,2482.836210260051,80.1340122641317,3.9140357534915307,3.288913985755718,1102.2546470178747
624,46.67886067963629,946.3617416399724,398.72977972789806,3.9958956165876187,3.153937062637184,790.2384589951847
516,43.08740946846993,1901.833789012279,632.3017803367915,4.031453014999906,3.2386000397089805,899.9689913186213
843,33.94294668967882,1074.6759741297815,423.05954626806766,4.169778107677407,3.396531514185328,625.5802719906673
350,26.371497809712206,1101.734984318323,101.04382284495406,4.188678433982747,3.490620798727731,1162.827139800678
823,44.19815690762164,4756.109104805779,506.9735341915025,4.033234573948899,3.466244461794901,559.0563224703023
1161,32.72446214472478,2392.6567277385043,584.636079768072,4.1250085236426575,3.4669329714231245,321.472315976012
759,54.657546701105815,4007.37064035519,639.3372336716467,4.059498307129345,3.201111867423556,576.9110490425119
899,59.73347749434514,3306.1461375351046,348.4686367272278,4.061334880422413,3.2343949402533956,413.4785797957067
243,50.097110504622904,3479.2039029904436,516.0207745053108,3.983429854519907,3.3528176981844906,1135.4402308331805
543,23.61926781148203,918.959160818581,416.60409794624354,3.965086873759164,3.4610959640256422,921.0228584290966
1064,31.547423821225525,1400.6669000327827,611.409314101983,3.9864016037772125,3.0709971296760425,406.77528705838756
229,24.364385270629988,3997.7265752258536,533.5301312458403,4.066898402177124,3.152120931913598,1293.813692585966
548,46.02046591166863,4862.60117043148,482.6654732120387,3.9087465558066268,3.0696234222970546,813.9791935127365
920,50.607634582231384,1534.5755202136631,239.5814428176588,4.172174683306922,3.3060042649797277,473.74201357977205
6,57.026993235228474,1576.3731943298874,21.776295618445847,3.946885112864933,3.1531504984437686,1319.8892814533085
468,37.526893856479504,2522.616524211253,173.19187427405774,3.9660266030614157,3.163053926256287,973.5027663274585
75,56.055025983537774,4924.049470420558,123.01811645326842,4.055482852934294,3.0354579797439896,1258.6533799422018
4,55.1156463616531,1564.107045384414,415.19457560963315,4.113034429901184,3.1748980309037957,1356.8801378743156
646,32.68782867061594,2212.76797528104,558.7871726704233,3.9287187164233193,3.431248253700793,836.0598077701954
118,54.75602502162284,4489.956073430481,207.51480764263118,3.9953084092641484,3.1165364059454177,1246.1600821795357
881,35.02689007526906,313.7288533204014,846.3702444511247,4.190602381672307,3.347593733105033,568.7859266337807
504,31.87477098241123,486.9000354462769,25.880273717021247,3.978702890034284,3.3148141724692963,952.1090383560754
947,45.962986351775726,3139.1368822347304,699.6248933455017,3.993915043518944,3.431742304184558,446.7990276536991
